areacd,areanm,cvd_mortality_rate_period,cvd_mortality_rate,employment_rate,econ_inactivity_rate,gdhi_per_head,child_poverty_pct,no_qualifications_pct,level3_plus_qual_pct,fuel_poverty_pct,housing_affordability_ratio,avg_house_price,ghg_emissions,air_pollution_regulating,domestic_gas_consumption,domestic_elec_consumption,coverage_4g_pct,coverage_5g_pct,gigabit_broadband_pct,premises_below_30mbps_pct,adult_obesity_pct,cigarette_smokers_pct,population_density,median_age,job_density
E07000223,Adur,2022-01-01/P3Y,22.906761883926706,77.6,22.4,23470,21.32775745,,66.9,8.058422721446401,9.61,380031.0,3.12,2.115613,8743.117089,2505.95,99.81,99.91,95.4,0.9,24.92315,10.1,1542,45.0,0.62
E07000032,Amber Valley,2022-01-01/P3Y,29.593364827051,78.0,19.2,22715,23.37614168,3.7,62.8,10.413391752232515,6.22,237857.0,5.08,6.520846,10215.14989,2439.6,99.97,99.9,89.2,1.5,29.01824,12.5,491,45.0,0.69
E07000224,Arun,2022-01-01/P3Y,25.9915048961835,81.2,13.0,25129,27.32623427,4.2,71.1,7.832760330152844,10.13,321927.0,2.88,5.900879,9206.857603,2468.35,99.44,93.24,82.3,1.2,36.47196,10.8,770,49.0,0.65
E07000170,Ashfield,2022-01-01/P3Y,42.8231855245639,64.4,31.3,18772,29.79916318,10.6,53.5,10.649440137812231,6.04,190024.0,4.07,5.91107,10215.14989,2397.2,100.0,99.89,97.0,0.6,28.15522,10.8,1183,42.0,0.77
E07000105,Ashford,2022-01-01/P3Y,21.581189630718303,68.1,28.3,25687,22.86792179,11.5,63.1,8.081143416270619,9.21,344332.0,4.4,5.130148,9308.507986,2692.45,99.83,95.32,76.0,5.6,24.19801,12.0,243,41.0,0.9
E07000200,Babergh,2022-01-01/P3Y,20.2089874024017,69.7,24.8,26268,23.24089672,4.9,51.5,10.702951068163518,9.67,328612.0,5.12,4.529093,9542.592277,2710.2,99.97,93.5,75.4,2.2,23.65177,12.6,163,49.0,0.73
E09000002,Barking and Dagenham,2022-01-01/P3Y,46.42920932558889,72.2,25.2,21179,39.24213885,10.7,58.1,12.798899232685848,9.77,371030.0,3.32,7.949982,9590.85685,2427.7,100.0,100.0,95.3,0.9,35.01903,13.9,6447,32.0,0.42
E09000003,Barnet,2022-01-01/P3Y,21.693561554956,67.8,26.4,36880,27.24965723,7.5,69.8,9.436222300430352,12.07,603753.0,2.65,15.602297,12470.84264,2619.55,100.0,100.0,80.2,1.1,16.33209,8.5,4668,38.0,0.67
E08000016,Barnsley,2022-01-01/P3Y,35.7187477369764,69.7,27.1,20404,31.49997829,9.5,60.5,,,,,11.402602,12286.0,2882.8,,,,,35.04764,14.4,765,42.0,0.62
E07000066,Basildon,2022-01-01/P3Y,28.4104681470239,74.9,17.3,24180,26.53463881,7.5,41.3,7.030909068239343,9.12,360294.0,4.11,8.010978,9778.297315,2722.55,100.0,100.0,91.3,0.8,36.3455,13.4,1760,38.0,0.81
E07000084,Basingstoke and Deane,2022-01-01/P3Y,20.8621282878506,81.7,15.2,27908,17.24354768,1.6,74.0,7.137552804255992,8.12,368739.0,4.61,9.913534,9689.662254,2693.5,99.96,90.71,80.5,2.6,26.32682,9.5,305,40.0,0.78
E07000171,Bassetlaw,2022-01-01/P3Y,34.075954038258,77.9,21.1,21571,28.18388712,3.1,57.8,11.376120002189822,5.76,210596.0,7.71,6.564715,9880.406063,2480.4,100.0,98.82,80.9,2.5,32.15689,10.1,196,44.0,0.79
E06000022,Bath and North East Somerset,2022-01-01/P3Y,19.852319403333897,78.0,19.6,27296,16.286767,2.6,75.4,10.111544498882177,9.77,404480.0,3.45,9.507443,9650.519066,2588.5,99.97,96.67,79.3,3.5,17.19252,9.5,578,39.0,0.9
E06000055,Bedford,2022-01-01/P3Y,29.3714451227011,81.0,13.3,24378,24.90438923,3.6,71.2,9.282137319199776,8.37,329830.0,3.83,9.572464,9960.055662,2572.1,100.0,99.05,85.4,2.1,36.46653,12.1,409,39.0,0.77
E09000004,Bexley,2022-01-01/P3Y,27.7551533659622,73.9,18.7,25722,20.33826476,5.8,63.7,7.928917795566502,9.78,405477.0,3.24,9.479799,11042.57284,2658.35,100.0,100.0,93.4,0.7,33.00192,10.2,4234,39.0,0.52
E08000025,Birmingham,2022-01-01/P3Y,39.5282403778978,65.9,28.3,18312,44.43874303,9.4,60.8,13.777327834360428,6.53,234150.0,3.37,47.661021,11143.55462,2586.5,100.0,100.0,95.0,1.8,27.87532,14.3,4420,33.0,0.81
E07000129,Blaby,2022-01-01/P3Y,23.4683882678403,85.3,13.1,21201,18.54405353,5.2,69.0,7.5116438204975395,7.31,282918.0,5.62,5.164889,10691.52156,2542.1,100.0,100.0,91.7,0.8,32.6228,9.5,829,42.0,1.13
E06000008,Blackburn with Darwen,2022-01-01/P3Y,47.218004672357104,67.6,29.5,17049,38.50699339,10.2,55.8,11.729169041376952,5.14,165882.0,3.14,5.537295,10767.88896,2409.3,99.96,98.26,92.5,1.3,30.00725,15.3,1186,36.0,0.77
E06000009,Blackpool,2022-01-01/P3Y,54.3909259141405,69.7,28.4,18846,39.16777266,10.6,58.0,13.856887879279572,4.27,134923.0,2.84,4.029869,9257.846529,2364.0,100.0,100.0,93.6,0.2,32.21653,19.7,4132,42.0,0.81
E07000033,Bolsover,2022-01-01/P3Y,38.345421653664495,71.0,22.2,19162,29.25174825,8.8,52.4,11.85363247863248,5.47,188025.0,10.57,3.990899,9978.74327,2330.5,100.0,99.88,93.3,1.5,33.54914,13.8,522,43.0,0.65
E08000001,Bolton,2022-01-01/P3Y,42.9881645138781,65.6,30.2,19739,36.66671634,10.1,60.6,10.338606269531878,6.0,202770.0,3.69,11.876367,10223.49751,2427.6,100.0,99.99,95.0,0.7,28.94341,14.2,2218,38.0,0.69
E07000136,Boston,2022-01-01/P3Y,41.55933223636271,72.2,21.3,19426,35.16955319,13.3,48.0,11.77525786405279,6.88,180778.0,5.16,3.396806,9521.822914,2489.05,100.0,99.99,80.0,3.8,38.07913,16.1,195,42.0,0.8
E06000058,"Bournemouth, Christchurch and Poole",2022-01-01/P3Y,26.607569391829,77.6,19.7,25259,24.39065058,4.6,66.7,9.117983339685305,9.07,312162.0,2.86,16.72006,9070.498665,2394.95,100.0,99.67,89.0,0.8,27.28267,9.7,2523,42.0,0.85
E06000036,Bracknell Forest,2022-01-01/P3Y,23.3439129611288,80.3,16.3,27124,15.29562483,2.3,68.8,5.760394278514785,9.49,396103.0,2.97,6.758306,10352.78602,2809.5,100.0,99.75,97.2,1.0,25.09636,11.7,1196,39.0,0.9
E08000032,Bradford,2022-01-01/P3Y,47.7004108854317,69.7,24.9,17784,41.77328862,11.8,61.5,12.176845430449148,5.43,185028.0,3.23,21.763695,11464.49249,2450.2,99.95,99.8,95.5,1.2,26.59276,13.9,1538,36.0,0.66
E07000067,Braintree,2022-01-01/P3Y,25.897741931040105,75.6,20.9,25155,22.96160267,4.5,64.7,9.29274265687094,8.69,330637.0,4.6,7.377339,9696.763407,2733.7,99.96,95.96,90.3,1.5,28.62142,12.1,269,42.0,0.61
E07000143,Breckland,2022-01-01/P3Y,23.0511312567929,72.6,25.7,21834,25.87275829,7.2,58.6,10.602999210734016,7.7,273851.0,7.09,7.237318,8910.891089,2734.4,99.99,92.16,67.3,4.1,34.25342,10.7,112,47.0,0.77
E09000005,Brent,2022-01-01/P3Y,35.2831273110183,67.6,29.1,29569,42.34397404,5.3,72.6,11.421577361355345,13.89,544174.0,2.67,13.474355,11521.74565,2346.4,100.0,100.0,86.9,1.5,22.77829,9.8,8164,34.0,0.63
E07000068,Brentwood,2022-01-01/P3Y,22.3056078646514,81.3,18.7,34635,14.19402287,,66.2,7.707253886010362,10.53,513537.0,5.49,3.431245,12340.01738,2904.9,100.0,99.93,84.7,2.4,20.64371,8.4,518,42.0,0.79
E06000043,Brighton and Hove,2022-01-01/P3Y,24.6323467555195,75.7,20.9,28857,21.62470262,6.0,73.5,10.881909393081374,10.55,407803.0,2.56,9.38451,8715.196551,2252.15,100.0,100.0,86.7,1.0,18.61117,13.5,3427,37.0,0.86
E06000023,"Bristol, City of",2022-01-01/P3Y,29.9991705736426,76.1,20.8,24696,25.61122244,4.4,74.0,10.558264405708984,8.88,356824.0,3.01,20.470344,8543.31221,2413.4,100.0,100.0,94.1,2.2,19.18251,14.0,4509,33.0,1.01
E07000144,Broadland,2022-01-01/P3Y,20.8887286504166,79.0,20.3,24571,17.44896574,4.0,63.9,8.632761659994397,8.04,315128.0,5.33,5.510378,9656.718958,2523.9,100.0,97.06,81.6,2.1,20.93899,9.7,250,47.0,0.7
E09000006,Bromley,2022-01-01/P3Y,24.5003183064352,78.3,17.8,34399,15.30483876,7.3,73.9,7.916401930434078,10.25,518235.0,2.7,12.040243,11959.96195,2654.4,99.92,99.41,93.0,1.2,22.75507,8.8,2234,41.0,0.58
E07000234,Bromsgrove,2022-01-01/P3Y,22.778181941371603,85.9,14.1,28576,15.29205863,,83.0,8.810931607616741,7.95,339163.0,6.53,5.582257,11449.6908,2798.9,99.99,99.86,85.1,1.7,21.22335,8.7,469,45.0,0.79
E07000095,Broxbourne,2022-01-01/P3Y,27.0193110020222,76.1,20.3,25744,24.61025591,11.3,41.9,7.349495529096734,9.28,406678.0,3.14,4.389843,10535.69462,2735.4,100.0,100.0,92.1,0.8,25.56187,13.2,1980,40.0,0.66
E07000172,Broxtowe,2022-01-01/P3Y,29.119160457039104,83.3,14.1,21498,19.708412,8.4,65.7,9.759975183217652,6.57,253021.0,5.2,5.903115,10464.46948,2417.3,100.0,100.0,95.7,0.4,22.35474,11.8,1430,42.0,0.61
E06000060,Buckinghamshire,2022-01-01/P3Y,21.4003830409,81.2,16.3,32856,17.48471313,4.1,76.6,7.544663696159559,10.51,490508.0,4.98,29.682506,11974.34283,2938.8,99.94,99.17,82.0,2.3,22.38249,9.5,370,42.0,0.81
E07000117,Burnley,2022-01-01/P3Y,49.8385624782988,76.0,23.3,17234,39.92432804,9.6,63.5,13.309490662954252,3.91,134515.0,3.93,3.659817,9812.037661,2303.5,99.87,95.39,96.0,0.8,34.787,16.3,897,38.0,0.72
E08000002,Bury,2022-01-01/P3Y,36.51920868999471,73.2,23.7,22248,29.66371681,5.8,65.0,9.678490530235647,6.91,238446.0,4.15,8.099623,10430.21178,2457.6,100.0,99.99,94.2,0.6,34.10927,10.6,2000,40.0,0.66
E08000033,Calderdale,2022-01-01/P3Y,32.4025595423549,77.1,21.5,21103,31.0606823,3.6,68.6,11.788309636650869,5.28,191540.0,4.36,8.923609,10654.72761,2417.9,99.05,92.27,87.9,2.2,26.19638,11.9,580,42.0,0.82
E07000008,Cambridge,2022-01-01/P3Y,25.4682847660256,76.3,18.5,25834,17.60989011,3.2,83.4,10.470815924177474,11.32,471098.0,3.57,7.013133,9563.615613,2247.1,100.0,100.0,94.7,1.2,14.27555,11.4,3670,31.0,1.19
E09000007,Camden,2022-01-01/P3Y,28.777860003692304,71.5,25.4,61657,27.26452777,3.5,84.4,9.561654898021487,14.49,833067.0,4.67,7.873999,8129.764509999999,1961.5,100.0,100.0,95.2,1.0,10.40411,9.7,9961,33.0,2.96
E07000192,Cannock Chase,2022-01-01/P3Y,34.7859573467112,84.8,15.2,20117,28.98866609,5.6,44.5,10.39667447928183,6.29,230601.0,2.91,5.026188,10151.4558,2530.5,100.0,97.41,96.8,0.5,35.99218,12.5,1320,42.0,0.71
E07000106,Canterbury,2022-01-01/P3Y,22.5787181796727,67.2,27.7,23272,24.14716231,2.1,81.0,9.16322404851894,9.16,338030.0,3.65,5.185588,9682.443765,2443.9,99.98,93.66,75.0,3.0,27.15656,11.2,525,41.0,0.83
E07000069,Castle Point,2022-01-01/P3Y,20.575739381532895,85.2,12.1,25529,24.3584784,11.9,62.8,7.636326624087126,8.62,362602.0,3.2,3.358794,11356.39281,2853.35,100.0,100.0,89.2,0.5,33.27217,10.0,2028,46.0,0.57
E06000056,Central Bedfordshire,2022-01-01/P3Y,25.87065566368789,83.8,14.4,25673,17.83631322,2.4,67.6,7.921652252892628,8.36,356453.0,4.54,15.66692,9996.095666,2630.4,100.0,99.94,86.7,1.7,24.46855,11.5,441,40.0,0.66
E07000130,Charnwood,2022-01-01/P3Y,23.2002926326352,82.2,16.0,22158,21.46495808,4.8,72.3,8.813205819513684,7.22,276865.0,4.6,9.363521,10107.87294,2425.5,99.96,99.77,93.7,0.7,29.03614,9.4,675,39.0,0.7
E07000070,Chelmsford,2022-01-01/P3Y,25.44819232428789,83.9,16.1,27815,16.65543197,2.9,76.2,7.504512806271222,8.88,383103.0,4.65,8.039879,10543.70351,2773.7,100.0,99.75,87.9,2.0,22.17472,11.3,557,41.0,0.92
E07000078,Cheltenham,2022-01-01/P3Y,30.6534285766778,82.9,13.8,26389,19.688727,8.1,71.4,9.2672836534175,7.73,325399.0,2.84,11.248768,9217.547126,2382.9,100.0,99.98,93.5,0.3,24.56733,10.2,2613,41.0,1.03
E07000177,Cherwell,2022-01-01/P3Y,23.5418590452281,84.7,15.3,26994,19.4139532,3.6,66.5,8.135506587914584,8.54,353632.0,6.36,8.766091,9706.446874,2734.3,100.0,97.64,88.8,1.8,21.43652,11.4,289,40.0,0.91
E06000049,Cheshire East,2022-01-01/P3Y,29.5881376336974,83.3,14.5,28036,17.47282202,6.5,75.5,8.549466925259964,7.32,303387.0,6.53,20.285147,10437.10226,2605.7,99.32,95.84,83.7,3.0,23.90628,8.7,361,44.0,0.9
E06000050,Cheshire West and Chester,2022-01-01/P3Y,29.2831332171344,76.5,21.6,24584,20.16887931,5.2,67.0,8.71002763521516,6.21,269039.0,8.25,16.958859,9638.299234,2514.6,99.96,96.61,88.3,2.3,23.78496,9.6,404,43.0,0.86
E07000034,Chesterfield,2022-01-01/P3Y,36.5322389413503,69.9,28.9,20318,26.42581232,12.8,64.1,11.11501934576152,5.43,199439.0,4.2,4.57322,9681.745038,2245.0,100.0,100.0,90.5,0.6,26.70569,12.6,1606,44.0,0.98
E07000225,Chichester,2022-01-01/P3Y,22.978041874023106,65.5,32.2,31385,23.02697303,8.9,66.4,9.476360994343246,11.77,429978.0,4.24,5.802046,9430.981644,2752.4,99.62,85.08,67.3,4.6,18.4521,11.3,164,48.0,1.06
E07000118,Chorley,2022-01-01/P3Y,33.9836533227241,68.8,30.6,22525,19.63496096,7.3,62.6,8.543481583371543,5.59,212647.0,5.43,4.937741,9869.551694,2490.0,99.99,99.69,93.1,1.5,24.55591,13.2,596,43.0,0.64
E07000071,Colchester,2022-01-01/P3Y,25.958528437156502,75.5,24.5,23496,22.28219771,5.8,64.4,8.619518184310595,8.31,298003.0,3.92,8.239056,9635.695622,2585.2,100.0,99.44,82.2,1.9,27.38642,10.8,610,39.0,0.83
E07000079,Cotswold,2022-01-01/P3Y,22.9984414122328,69.9,28.3,37351,17.53935779,6.9,62.8,11.748589472706588,11.03,411764.0,6.88,8.811954,10249.1716,3035.8,99.62,75.03,72.2,2.6,18.04659,7.2,79,50.0,1.09
E06000047,County Durham,2022-01-01/P3Y,34.4123112437222,74.5,23.8,19439,29.18239421,8.3,60.9,9.975757429077367,4.28,138148.0,4.67,18.509192,10636.23524,2201.7,96.31,74.83,85.4,1.9,32.08497,12.9,242,43.0,0.64
E08000026,Coventry,2022-01-01/P3Y,40.27808160514029,71.9,22.4,19057,32.24722875,7.6,68.2,13.329044249052826,6.04,223731.0,3.27,17.529545,9858.672902,2428.2,100.0,100.0,97.7,0.6,28.62107,13.2,3741,34.0,0.74
E07000226,Crawley,2022-01-01/P3Y,27.489540770262497,78.6,21.4,21869,29.52352002,8.9,68.1,7.1665778360870815,9.05,338311.0,3.84,5.272021,9450.105001,2511.4,100.0,100.0,91.1,1.1,30.38195,18.2,2759,37.0,1.2
E09000008,Croydon,2022-01-01/P3Y,32.5782764287089,76.9,17.7,27096,30.30777948,7.0,74.4,10.023461079209644,9.59,394736.0,2.41,15.43568,11115.99359,2504.0,100.0,100.0,89.9,2.4,20.47911,12.5,4734,37.0,0.51
E06000063,Cumberland,2022-01-01/P3Y,34.796349858149,82.3,15.5,21411,22.89812495,7.0,63.5,10.84756628050735,4.18,172036.0,7.76,7.9912,9997.785402,2384.75,93.7,68.3,84.8,3.1,29.05855,,93,46.0,0.9
E07000096,Dacorum,2022-01-01/P3Y,24.191523012803696,74.3,20.3,30369,19.03958269,5.3,63.7,8.071513277391656,10.12,459438.0,3.95,7.328324,10987.69634,2682.2,99.98,98.93,86.3,2.0,26.69603,10.3,760,40.0,1.48
E06000005,Darlington,2022-01-01/P3Y,33.827264066938,81.2,16.0,20631,28.72255489,5.6,65.6,9.51339847151011,4.92,158188.0,4.99,4.284583,10325.22846,2265.85,99.99,99.84,92.7,2.3,32.13596,9.7,570,42.0,0.89
E07000107,Dartford,2022-01-01/P3Y,21.245146858214103,86.4,13.6,24579,20.1715386,,83.2,7.275213256601772,8.51,351594.0,5.6,4.756709,9537.370885,2511.6,100.0,100.0,84.0,1.8,29.71493,10.4,1719,37.0,0.9
E06000015,Derby,2022-01-01/P3Y,36.6172819813793,79.8,17.2,18915,32.53693864,7.2,67.7,11.854116852294649,6.04,204016.0,4.18,12.395211,9877.426148,2417.8,100.0,100.0,97.5,0.2,28.40441,12.7,3514,37.0,0.89
E07000035,Derbyshire Dales,2022-01-01/P3Y,20.2925905412664,80.5,19.5,30873,17.59469884,5.8,83.3,12.574432857931276,7.31,353364.0,9.85,3.497734,11149.35336,2574.65,99.43,95.09,63.3,5.6,25.88683,8.0,91,53.0,0.98
E08000017,Doncaster,2022-01-01/P3Y,44.3496663155484,74.5,23.1,19922,34.65624175,19.6,51.1,12.101524725078804,5.0,170784.0,5.78,15.085146,9875.439538,2320.9,100.0,99.94,96.4,0.7,36.05175,15.7,563,41.0,0.79
E06000059,Dorset,2022-01-01/P3Y,21.2489445023452,80.3,17.9,26336,23.30652245,4.3,62.6,9.758804338733514,9.32,325410.0,5.33,29.482036,8912.633092,2529.5,99.87,84.0,76.7,2.2,28.17906,9.6,157,52.0,0.88
E07000108,Dover,2022-01-01/P3Y,24.1143481285654,70.9,27.5,23269,28.30361446,9.5,53.9,10.201849826694591,7.35,276234.0,4.02,3.126076,8603.514398000001,2287.9,99.98,97.28,80.3,3.6,29.17157,12.4,380,45.0,0.65
E08000027,Dudley,2022-01-01/P3Y,36.7805335876919,79.7,17.7,19238,32.34368327,4.5,62.3,11.28813036837754,6.76,230781.0,3.04,13.145935,10280.04289,2499.077,100.0,100.0,97.2,0.3,36.60303,11.5,3388,41.0,0.6
E09000009,Ealing,2022-01-01/P3Y,29.699060114450496,79.4,14.8,30437,33.92461502,4.1,81.3,10.74538176916411,13.21,575814.0,2.75,13.423745,10783.80525,2373.4,100.0,100.0,89.4,0.7,18.04461,12.8,6949,36.0,0.56
E07000009,East Cambridgeshire,2022-01-01/P3Y,22.1500533260186,81.8,18.2,26924,16.89414797,,66.0,10.14626635873749,8.2,344211.0,15.13,4.75262,9678.743405,2699.65,100.0,98.38,87.1,2.2,23.78709,9.5,143,43.0,0.7
E07000040,East Devon,2022-01-01/P3Y,18.7146299220798,77.5,21.1,26367,21.04983877,4.9,66.9,9.693913683942156,8.36,345757.0,5.61,4.632312,8363.616342,2445.95,99.65,84.95,75.2,6.0,24.97366,8.7,194,50.0,0.78
E07000085,East Hampshire,2022-01-01/P3Y,17.9173228963969,82.5,14.4,30307,16.51490805,,74.1,7.417333735645444,8.86,446392.0,4.11,6.666477,10657.24622,2884.2,99.9,89.4,73.8,4.0,16.15606,8.2,253,47.0,0.73
E07000242,East Hertfordshire,2022-01-01/P3Y,21.571252436423503,79.5,16.5,32373,14.13256331,3.0,76.7,8.025184275184277,8.62,460778.0,4.16,7.561946,10933.13578,2844.5,99.99,98.16,84.0,2.2,25.73481,8.8,330,42.0,0.82
E07000137,East Lindsey,2022-01-01/P3Y,38.577817656417295,74.3,25.7,22327,33.61827561,12.9,46.8,11.705041079216958,6.98,216315.0,7.51,5.989291,9193.038918,2602.95,99.9,93.05,67.0,6.9,34.05475,13.7,82,54.0,0.68
E06000011,East Riding of Yorkshire,2022-01-01/P3Y,29.4304544436196,77.3,20.7,23705,21.60614273,3.6,67.0,10.159117960283156,5.98,220721.0,10.26,13.972782,10224.6175,2415.6,99.93,97.09,94.5,1.5,29.81669,10.0,148,49.0,0.75
E07000193,East Staffordshire,2022-01-01/P3Y,27.9740692817559,80.5,18.8,21422,28.57484743,8.9,76.1,12.21814368117462,6.38,225551.0,5.96,6.604727,9854.58013,2462.2,99.83,97.5,82.5,2.0,27.8,13.3,335,41.0,0.87
E07000244,East Suffolk,2022-01-01/P3Y,27.8856844579,79.1,19.9,24545,26.5000519,4.6,55.0,10.560344827586206,7.88,278376.0,4.83,8.500106,9184.194456,2458.3,99.99,81.66,85.4,1.9,26.23335,11.6,198,50.0,0.83
E07000061,Eastbourne,2022-01-01/P3Y,33.5739093661784,74.8,18.2,22888,31.23617739,6.7,64.9,9.356019550502054,7.39,251811.0,2.45,2.920497,8406.076307,2226.15,100.0,85.37,92.7,0.1,29.48302,10.6,2361,45.0,0.75
E07000086,Eastleigh,2022-01-01/P3Y,22.6754497218552,84.6,14.0,24127,18.47854212,8.5,59.8,6.044984403217862,8.13,308476.0,3.46,6.950472,9027.163439,2515.6,100.0,100.0,90.3,1.2,27.31964,8.6,1794,41.0,0.82
E07000207,Elmbridge,2022-01-01/P3Y,17.5628858031532,76.1,23.4,48562,11.25134264,3.1,78.9,6.84502249102886,12.52,743525.0,4.06,6.453316,13198.43725,3140.8,100.0,100.0,84.7,0.8,16.25931,7.4,1493,43.0,0.88
E09000010,Enfield,2022-01-01/P3Y,27.36080289966,67.9,29.7,27981,40.14314522,10.1,57.7,10.963783139300876,10.85,471019.0,3.37,12.550099,11379.63139,2621.2,100.0,100.0,91.2,1.0,25.32883,13.7,4052,38.0,0.69
E07000072,Epping Forest,2022-01-01/P3Y,26.0858568758671,78.6,17.8,34838,18.77403657,3.9,74.4,8.309360670885855,11.29,536765.0,6.92,6.024721,11598.27541,2924.45,100.0,99.95,88.1,2.4,18.5342,10.7,405,42.0,0.75
E07000208,Epsom and Ewell,2022-01-01/P3Y,17.605772247400697,91.7,6.7,30982,12.56385886,,79.4,7.5832213763248255,10.67,568810.0,2.56,3.194009,12812.03694,2857.0,100.0,100.0,95.9,0.2,17.28326,4.8,2443,42.0,0.76
E07000036,Erewash,2022-01-01/P3Y,31.498966595996,80.1,17.1,21075,24.51236049,5.8,74.2,10.399224300285294,5.92,217901.0,4.84,5.711683,9869.479707,2411.6,100.0,100.0,96.1,0.7,29.43876,12.3,1042,43.0,0.65
E07000041,Exeter,2022-01-01/P3Y,30.6134161970721,78.8,19.3,20569,21.51481888,5.4,70.6,9.692230432599182,8.69,280982.0,3.12,4.288416,7528.706290000001,2269.0,100.0,99.96,90.4,2.4,21.65897,11.0,2942,35.0,1.15
E07000087,Fareham,2022-01-01/P3Y,19.8555363526717,86.0,11.4,25716,15.578675,,70.1,6.165095247258034,7.89,328364.0,3.68,4.826025,9440.854949,2562.7,100.0,100.0,97.7,0.6,22.53884,8.5,1555,47.0,0.85
E07000010,Fenland,2022-01-01/P3Y,32.9131028423351,67.8,28.1,21448,30.78721322,5.3,60.4,9.844177264638224,6.8,223168.0,13.89,5.078304,9629.688955,2639.9,100.0,99.9,88.5,2.5,30.98043,19.8,192,44.0,0.72
E07000112,Folkestone and Hythe,2022-01-01/P3Y,27.293782411711,65.9,22.0,24236,27.42826205,9.7,50.5,9.803883570404247,8.11,304717.0,4.16,2.991953,8942.549504,2358.1,99.62,97.61,80.2,4.1,33.84198,10.6,315,47.0,0.67
E07000080,Forest of Dean,2022-01-01/P3Y,29.324752897990003,84.1,15.2,22810,25.28424847,3.8,73.5,11.785187820871244,6.5,288524.0,5.04,9.14429,9000.810884,2768.4,99.63,86.74,79.5,5.2,29.17201,12.5,171,48.0,0.63
E07000119,Fylde,2022-01-01/P3Y,27.714005428407603,73.0,27.0,27311,22.06236939,4.7,65.9,9.166645435785076,5.46,233647.0,6.43,2.891938,10192.49037,2539.1,100.0,100.0,94.4,0.6,25.99303,6.9,516,51.0,0.96
E08000037,Gateshead,2022-01-01/P3Y,38.669744249028,76.3,20.9,19127,28.22544392,6.1,70.8,9.14609555748944,4.8,158254.0,4.33,6.194968,10502.59087,2163.5,100.0,99.99,89.4,2.2,33.04699,10.8,1424,41.0,0.82
E07000173,Gedling,2022-01-01/P3Y,31.1557662152051,75.9,22.1,22513,21.15849898,3.1,68.2,9.184174624829469,6.63,250279.0,3.58,5.244038,10819.57606,2499.6,100.0,100.0,93.5,0.8,27.79334,10.2,1002,43.0,0.55
E07000081,Gloucester,2022-01-01/P3Y,40.3383016624987,84.6,9.7,20355,26.3388639,4.4,65.0,8.770077157602493,7.22,240887.0,3.2,12.2005,8860.954901000001,2480.0,100.0,100.0,94.8,0.6,35.01377,13.7,3418,38.0,0.87
E07000088,Gosport,2022-01-01/P3Y,26.7559214963457,82.3,16.5,21263,29.10908965,7.0,60.4,8.037013932210439,6.82,235188.0,2.15,2.868489,8020.086253,2429.05,100.0,100.0,97.9,0.1,40.80455,12.4,3268,43.0,0.45
E07000109,Gravesham,2022-01-01/P3Y,33.5564949058003,85.6,13.0,24201,27.01016149,4.9,63.6,9.336642296599369,8.53,345369.0,3.61,4.293477,9970.623605,2562.5,99.51,98.2,83.1,2.0,28.62631,13.4,1118,38.0,0.63
E07000145,Great Yarmouth,2022-01-01/P3Y,35.3332719085688,67.9,29.3,19700,37.22772277,6.6,52.8,11.510038445108927,6.32,209164.0,3.54,2.915712,8142.037662000001,2447.6,100.0,100.0,87.7,1.0,35.90252,13.1,577,46.0,0.71
E09000011,Greenwich,2022-01-01/P3Y,35.0952663785321,83.2,13.9,28453,29.19866387,4.2,77.7,9.159857632946885,10.12,465132.0,2.52,10.091461,9532.869454,2246.4,100.0,100.0,89.9,0.5,24.03491,10.8,6331,35.0,0.57
E07000209,Guildford,2022-01-01/P3Y,17.6759014182848,81.5,16.9,35921,14.16169289,3.4,75.7,8.289964691510903,10.58,523974.0,4.6,7.706927,11740.80185,2895.6,99.58,98.24,81.8,1.7,17.89233,9.7,559,38.0,0.99
E06000006,Halton,2022-01-01/P3Y,43.3550097267575,69.5,25.9,20341,28.25524576,9.9,57.9,9.021642353263475,5.56,193134.0,4.69,5.697065,8870.995526,2413.95,100.0,100.0,96.0,0.4,34.48724,11.8,1663,41.0,0.86
E09000013,Hammersmith and Fulham,2022-01-01/P3Y,25.3086182899303,75.8,21.2,51554,24.24157303,3.2,88.6,9.747885912463827,14.83,725562.0,3.14,8.327511,8242.664029000001,2058.9,100.0,100.0,91.0,1.6,15.20822,10.5,11504,33.0,1.16
E07000131,Harborough,2022-01-01/P3Y,24.8279604461166,80.0,17.0,28215,14.49005316,3.6,74.5,8.358146459477062,7.83,345848.0,6.8,5.525911,10881.65763,2693.0,99.84,94.62,80.8,2.7,29.93392,8.7,177,45.0,0.73
E09000014,Haringey,2022-01-01/P3Y,31.4417849525565,74.9,22.0,37746,38.2322518,8.0,69.8,11.385601232579312,13.02,634444.0,2.24,10.519752,9563.488495,2156.0,100.0,100.0,89.1,0.9,22.20352,13.8,8912,36.0,0.52
E07000073,Harlow,2022-01-01/P3Y,34.7221111206403,66.2,27.9,21411,27.81132766,10.1,64.5,7.821762282728825,8.73,313338.0,4.05,4.077604,9138.373585,2432.35,100.0,100.0,90.9,2.5,32.98454,15.1,3216,37.0,0.78
E09000015,Harrow,2022-01-01/P3Y,25.2869074194066,73.4,19.4,31249,29.32515108,7.1,66.0,10.432067164943176,12.16,524160.0,2.06,10.450594,13714.79383,2586.1,100.0,100.0,89.9,0.9,13.3369,9.1,5365,37.0,0.53
E07000089,Hart,2022-01-01/P3Y,16.1301633319985,84.6,11.5,32292,12.32541172,3.7,73.1,5.9746515760920405,10.0,479978.0,4.03,5.60505,12224.13984,2942.6,100.0,99.09,86.9,2.2,20.47665,6.6,479,43.0,0.69
E06000001,Hartlepool,2022-01-01/P3Y,37.5932529790734,67.9,29.7,19530,31.9456428,11.2,57.9,8.710503842869342,4.86,130271.0,5.99,2.973085,9730.772448,2196.1,99.99,99.96,96.9,1.2,35.75635,14.7,1046,41.0,0.57
E07000062,Hastings,2022-01-01/P3Y,32.4410917424743,77.4,19.1,21298,35.37054557,5.6,70.4,11.082105068613409,8.06,236966.0,2.34,2.627948,8657.36115,2314.9,99.93,97.51,83.6,0.3,29.95632,17.6,3061,43.0,0.68
E07000090,Havant,2022-01-01/P3Y,27.8360536343644,63.5,34.2,24248,28.26106884,8.7,56.9,7.320695378701843,8.67,320643.0,2.92,5.056173,9064.682001,2550.9,100.0,99.95,94.8,0.1,28.03995,12.1,2278,45.0,0.62
E09000016,Havering,2022-01-01/P3Y,27.4562850861844,81.6,17.0,27088,23.51524739,6.0,63.7,7.772480922257065,9.77,456759.0,3.3,10.234708,10978.22938,2657.5,100.0,100.0,91.2,1.1,23.9009,10.8,2459,38.0,0.6
E06000019,"Herefordshire, County of",2022-01-01/P3Y,29.2201309709332,80.5,18.4,24774,25.55954775,3.7,68.4,13.132938874286443,8.49,289715.0,6.71,9.310533,8586.009946,2713.05,99.61,72.52,82.3,4.6,30.87674,11.1,88,49.0,0.95
E07000098,Hertsmere,2022-01-01/P3Y,20.9313443742149,70.7,29.3,37246,20.20262491,4.5,62.1,8.175693762826805,12.27,560436.0,5.3,4.932517,12050.54733,2842.5,100.0,100.0,89.8,1.3,24.83893,11.1,1090,41.0,0.98
E07000037,High Peak,2022-01-01/P3Y,29.040464929973897,74.8,25.2,23177,19.60862887,4.8,70.6,10.7378841947738,6.99,252980.0,32.28,3.688353,10692.04987,2470.1,91.62,81.95,85.3,2.5,19.10183,13.8,171,46.0,0.67
E09000017,Hillingdon,2022-01-01/P3Y,30.496971910858697,68.2,24.2,25649,27.60798332,8.7,70.8,9.498319327731092,12.07,474665.0,4.33,14.310018,11699.58737,2684.9,100.0,100.0,92.9,1.7,23.28351,9.9,2845,36.0,0.99
E07000132,Hinckley and Bosworth,2022-01-01/P3Y,27.0842740400156,82.3,15.1,22701,20.32950574,3.2,73.8,8.864371314437893,7.29,261584.0,5.67,5.634564,10101.50467,2525.0,100.0,99.96,83.6,1.1,36.74362,8.1,392,44.0,0.74
E07000227,Horsham,2022-01-01/P3Y,18.1518248608777,78.0,20.1,31670,15.44841314,,79.4,7.46978908654207,10.05,436940.0,3.91,7.755325,10087.29157,2846.3,99.88,98.8,76.3,3.2,25.68744,9.1,286,45.0,0.81
E09000018,Hounslow,2022-01-01/P3Y,28.8677452723479,81.2,18.1,28652,32.25245704,2.7,72.1,10.272248504864768,11.87,512888.0,3.44,12.818998,10771.913,2547.4,100.0,100.0,91.4,1.6,23.43654,11.6,5350,36.0,0.9
E07000011,Huntingdonshire,2022-01-01/P3Y,25.633866890552103,85.6,12.5,24594,17.84244308,7.6,69.5,8.425748094913574,8.45,306387.0,9.27,9.718544,9754.827859,2586.901,100.0,98.77,90.0,1.6,24.70045,11.2,210,42.0,0.78
E07000120,Hyndburn,2022-01-01/P3Y,51.36956455406239,76.1,23.9,17055,39.8215217,6.2,63.4,12.719129526845084,3.86,138818.0,4.51,3.194395,9901.613848,2270.5,100.0,99.97,93.8,0.9,33.31958,11.5,1179,39.0,0.59
E07000202,Ipswich,2022-01-01/P3Y,32.5146892294252,85.9,12.0,20728,32.75262548,3.7,73.2,11.189370898031054,6.55,219070.0,2.93,4.832291,9039.033327,2410.6,100.0,100.0,96.5,0.3,32.70341,13.4,3551,38.0,0.89
E06000046,Isle of Wight,2022-01-01/P3Y,23.9017052248285,72.6,24.0,22568,31.28675029,6.0,62.8,9.732349537037036,8.5,240998.0,3.23,4.751486,8100.06003,2355.8,99.98,93.04,87.0,3.2,21.91384,10.6,373,52.0,0.85
E09000019,Islington,2022-01-01/P3Y,34.0885298011829,79.3,17.1,41955,33.364896,3.2,82.8,8.497914563772449,12.33,673384.0,2.76,9.430092,7270.529229000001,1955.1,100.0,100.0,95.3,1.7,16.94725,11.1,15010,32.0,1.71
E09000020,Kensington and Chelsea,2022-01-01/P3Y,19.596573533279,60.6,35.7,110651,16.13723632,4.4,78.5,10.722327845421573,21.87,1250149.0,5.16,5.57786,8409.515531000001,2133.1,100.0,100.0,93.3,1.1,12.24807,10.6,11918,39.0,1.51
E07000146,King's Lynn and West Norfolk,2022-01-01/P3Y,26.977582866065895,79.8,16.6,22290,26.23648359,8.4,58.8,11.54248402962293,7.33,263298.0,11.07,7.63531,9311.335582,2778.35,100.0,95.04,65.3,3.7,32.87412,14.7,109,48.0,0.84
E06000010,"Kingston upon Hull, City of",2022-01-01/P3Y,50.85991134771751,73.2,25.2,17001,37.18860568,6.0,58.2,13.48165489271554,4.46,134304.0,3.49,9.530999,8841.263363,2205.1,100.0,100.0,99.6,0.0,34.17272,18.5,3848,36.0,0.77
E09000021,Kingston upon Thames,2022-01-01/P3Y,20.8571398321254,80.1,15.9,34234,17.6683717,2.4,82.6,8.615681126225525,11.49,594498.0,3.12,6.516986,11169.711,2627.5,100.0,100.0,91.2,1.4,16.87409,7.7,4635,38.0,0.81
E08000034,Kirklees,2022-01-01/P3Y,38.5812193630351,74.1,22.8,20010,32.85613812,6.6,63.7,11.272647496334663,5.85,205773.0,3.77,19.113045,10853.77857,2380.9,99.58,98.11,95.2,0.9,31.97424,12.5,1096,39.0,0.68
E08000011,Knowsley,2022-01-01/P3Y,41.4918531966781,69.4,26.1,19519,29.77345275,15.8,54.5,8.725182106497908,5.19,189116.0,4.65,6.95478,8807.996889,2356.4,100.0,100.0,97.0,0.6,35.80967,12.8,1879,38.0,0.69
E09000022,Lambeth,2022-01-01/P3Y,31.975155462885603,74.7,20.8,35607,30.94526041,2.7,81.0,9.264761124201756,10.97,548034.0,2.53,11.6353,8137.839707999999,2060.9,100.0,100.0,92.3,0.8,17.08555,11.2,11822,33.0,0.74
E07000121,Lancaster,2022-01-01/P3Y,42.9300259527697,71.1,25.7,20066,26.73123693,5.6,71.4,10.727585219134918,5.73,199762.0,6.58,4.824887,9455.970083,2385.5,95.06,86.4,89.1,1.2,25.59163,12.7,256,41.0,0.75
E08000035,Leeds,2022-01-01/P3Y,30.5336171873071,74.7,23.1,21694,29.61925735,6.3,71.7,11.12523379074091,6.67,249394.0,4.12,34.867492,10230.61904,2416.0,99.99,99.94,96.0,1.4,26.55064,11.8,1532,36.0,0.97
E06000016,Leicester,2022-01-01/P3Y,44.5403331232249,65.1,28.1,16067,40.14189694,16.1,51.5,13.33073575251426,7.59,228618.0,3.02,16.885164,11111.11111,2399.45,100.0,100.0,97.6,0.2,28.08539,12.3,5295,32.0,0.75
E07000063,Lewes,2022-01-01/P3Y,20.858911237310696,71.2,28.0,29269,22.76887872,10.2,59.4,8.416816508262693,9.42,367918.0,3.9,3.943569,9368.337711,2545.1,99.95,94.21,74.4,1.6,28.72748,10.4,350,48.0,0.77
E09000023,Lewisham,2022-01-01/P3Y,37.9963916302772,74.0,19.9,29500,29.58855034,5.4,76.7,9.813672982582474,10.44,491259.0,2.12,11.475453,9153.947864,2248.5,100.0,100.0,90.1,1.0,24.5542,10.8,8572,35.0,0.44
E07000194,Lichfield,2022-01-01/P3Y,22.5811845778895,85.3,14.7,26610,18.85057471,4.0,66.7,9.421494560070707,7.65,337052.0,6.25,5.66499,10630.19541,2632.1,100.0,99.88,83.2,2.6,32.01203,7.4,338,45.0,0.87
E07000138,Lincoln,2022-01-01/P3Y,43.9283375369,75.5,24.5,18178,32.6367222,11.6,62.5,12.265339966832505,5.36,183298.0,2.98,4.532958,8754.991358,2210.45,100.0,100.0,91.9,0.7,30.65598,15.2,2945,34.0,0.88
E08000012,Liverpool,2022-01-01/P3Y,39.6372361641689,67.5,26.1,18976,34.21317936,8.6,64.7,11.893739434056998,4.85,185307.0,3.27,18.134402,9022.585996,2266.2,100.0,100.0,91.6,2.6,31.70345,14.6,4551,35.0,0.92
E06000032,Luton,2022-01-01/P3Y,35.795069034345296,70.5,25.4,19338,40.44885083,10.7,56.5,11.986800428745198,9.07,289790.0,2.86,10.03191,11382.63472,2513.0,100.0,100.0,98.1,0.2,32.52169,14.5,5515,33.0,0.76
E07000110,Maidstone,2022-01-01/P3Y,23.9330327178872,73.8,24.1,25905,22.49899126,1.6,73.8,8.016477803661441,9.56,352191.0,4.0,7.433383,9692.415386,2662.9,99.5,98.95,80.5,4.5,28.76397,12.0,477,40.0,0.89
E07000074,Maldon,2022-01-01/P3Y,27.9618255776335,84.3,15.7,26820,20.61549537,8.7,66.4,9.284200451220348,8.87,384348.0,4.6,2.92877,10000.10011,2954.5,100.0,99.99,82.2,1.9,27.14101,7.6,193,48.0,0.61
E07000235,Malvern Hills,2022-01-01/P3Y,21.870594569552804,84.6,7.3,26860,21.16460484,5.0,75.2,12.27417933465521,9.17,350906.0,6.73,4.569643,9187.547231,2763.1,99.95,78.57,71.7,4.6,26.38329,9.4,144,51.0,0.78
E08000003,Manchester,2022-01-01/P3Y,47.162434690209295,71.4,25.5,18945,42.2738629,4.6,77.3,11.977920965266128,6.82,251250.0,3.38,23.992927,9270.643127,2606.2,100.0,100.0,90.0,1.8,26.96294,15.6,5099,30.0,1.21
E07000174,Mansfield,2022-01-01/P3Y,38.1325947661381,71.9,28.1,20267,28.65009884,19.6,48.0,11.155440819838848,5.78,192359.0,3.19,5.355777,10661.14389,2308.7,100.0,99.53,96.0,0.5,31.44301,18.0,1475,41.0,0.71
E06000035,Medway,2022-01-01/P3Y,32.352881182607,76.9,20.0,23074,27.00414369,4.4,66.3,8.866214482741274,7.82,296182.0,2.73,10.276661,9370.332035,2558.4,99.86,99.71,90.4,1.5,26.7092,11.6,1511,38.0,0.62
E07000133,Melton,2022-01-01/P3Y,23.291912351378,78.1,21.9,25704,22.4792667,5.4,68.4,11.067177224673271,7.96,283892.0,7.84,2.623998,10037.34827,2586.177699,99.99,94.48,78.8,3.1,22.14031,8.7,112,47.0,0.79
E09000024,Merton,2022-01-01/P3Y,23.329218055302,72.9,21.7,37416,22.30603963,6.1,81.6,9.9000156575033,10.72,612681.0,2.83,8.720884,10517.06842,2506.85,100.0,100.0,94.7,0.4,15.43557,11.4,5808,37.0,0.63
E07000042,Mid Devon,2022-01-01/P3Y,22.2617777450667,83.2,12.8,24003,22.62965265,5.3,73.9,11.335473770796296,8.03,284283.0,8.96,2.891805,7643.331231,2799.7,98.76,73.81,67.2,11.8,32.57245,12.5,93,47.0,0.73
E07000203,Mid Suffolk,2022-01-01/P3Y,20.7758912611264,66.1,32.6,25269,18.75177789,6.0,58.7,10.018301216492626,7.62,320276.0,6.59,4.775827,8403.327694,2830.8,100.0,95.89,62.4,3.2,20.00875,9.5,127,47.0,0.78
E07000228,Mid Sussex,2022-01-01/P3Y,18.8024356254708,78.7,19.4,30320,14.16160971,2.1,71.7,7.058562555456965,9.92,426441.0,3.85,7.687246,10346.05513,2739.6,99.53,90.76,82.5,1.8,20.40856,9.0,484,43.0,0.76
E06000002,Middlesbrough,2022-01-01/P3Y,43.7568024802388,64.4,29.2,17872,38.73811473,9.0,60.1,9.64880606621976,4.36,137773.0,4.54,5.260553,9900.054623,2260.9,100.0,100.0,94.6,1.7,34.23559,15.7,2898,36.0,0.74
E06000042,Milton Keynes,2022-01-01/P3Y,27.5215444369873,76.0,21.6,24164,23.7241546,4.7,64.0,6.412595668794016,8.46,325104.0,3.85,14.836623,9813.078576,2525.3,100.0,98.77,96.4,0.4,28.91881,11.6,991,38.0,1.09
E07000210,Mole Valley,2022-01-01/P3Y,18.1168527433452,84.5,15.5,38465,13.93469549,,71.4,7.664196784112103,13.51,540160.0,5.16,4.596279,13027.92253,3069.5,99.3,89.22,81.0,2.5,24.57622,9.6,343,47.0,1.04
E07000091,New Forest,2022-01-01/P3Y,21.1303909932186,82.3,14.2,28322,20.41601585,4.5,68.4,7.806418182037285,9.85,380310.0,4.16,8.178403,9805.179931,2637.1,99.34,81.34,77.4,2.5,21.03447,8.3,234,52.0,0.81
E07000175,Newark and Sherwood,2022-01-01/P3Y,30.626121307743603,77.5,21.0,23486,24.8661511,7.6,63.5,10.826230893850813,6.4,233902.0,7.21,6.515996,10120.7859,2524.1,100.0,98.7,84.1,2.1,32.21319,11.2,196,44.0,0.85
E08000021,Newcastle upon Tyne,2022-01-01/P3Y,39.9054638588025,74.3,24.0,19661,30.87742432,8.3,71.3,9.499784323391667,5.89,208589.0,3.55,9.065349,10606.70928,2236.4,100.0,100.0,91.2,2.7,27.69578,12.1,2826,33.0,0.98
E07000195,Newcastle-under-Lyme,2022-01-01/P3Y,34.3949409259294,89.6,10.4,20244,24.75026671,,66.2,12.011047940168949,5.46,209547.0,6.0,6.052598,10465.01047,2414.0,99.85,90.34,83.9,1.5,30.35086,10.4,605,42.0,0.74
E09000025,Newham,2022-01-01/P3Y,38.0534620161939,71.1,26.7,24233,44.86259898,7.3,65.4,11.920744483186668,10.56,403032.0,2.9,14.042043,9324.701016,2281.75,100.0,100.0,91.9,0.7,25.37537,12.2,10347,31.0,0.57
E07000043,North Devon,2022-01-01/P3Y,28.608078408553,78.0,22.0,23103,26.55480576,,67.3,11.175286601907764,9.03,281532.0,5.97,2.804741,7953.6695,2569.55,98.27,45.18,60.9,6.8,22.01698,12.0,93,48.0,0.94
E07000038,North East Derbyshire,2022-01-01/P3Y,24.5415139453292,68.4,26.8,22132,21.84460529,4.2,53.1,10.145490212105113,6.64,250387.0,5.04,5.07512,10432.68371,2387.45,99.9,98.64,87.9,2.3,27.83752,7.9,387,46.0,0.55
E06000012,North East Lincolnshire,2022-01-01/P3Y,44.8938729025551,73.5,22.9,19796,35.52990274,8.2,52.6,12.291666666666666,4.71,151132.0,6.34,5.962027,9441.365199,2316.4,99.93,98.0,94.2,2.0,29.9327,17.1,830,43.0,0.78
E07000099,North Hertfordshire,2022-01-01/P3Y,20.9906333300373,80.9,14.8,29099,16.96746708,4.9,75.4,8.73688627780109,8.63,422616.0,4.47,6.841317,10621.79019,2721.1,99.99,97.85,85.8,1.7,26.43952,10.1,365,42.0,0.72
E07000139,North Kesteven,2022-01-01/P3Y,26.4545246821684,80.8,18.0,22667,19.56500441,2.6,65.7,9.08250947057193,6.49,243236.0,7.27,5.929839,9659.892326,2565.1,100.0,98.78,82.9,3.4,27.4527,9.9,133,46.0,0.74
E06000013,North Lincolnshire,2022-01-01/P3Y,38.7176566821494,75.0,22.7,19950,30.14655257,6.6,60.4,11.172297077393738,5.12,181725.0,28.88,8.333196,10054.23446,2379.7,100.0,99.3,93.8,1.7,34.41414,13.5,202,44.0,0.83
E07000147,North Norfolk,2022-01-01/P3Y,22.7905347824914,67.5,29.9,24122,29.60506706,7.8,63.6,12.16003772991668,8.73,300273.0,6.73,3.895279,9064.061108,2590.55,99.98,94.66,54.5,4.3,28.04128,10.1,107,55.0,0.79
E06000061,North Northamptonshire,2022-01-01/P3Y,30.5122567115098,80.5,18.5,22360,25.15143247,7.7,53.6,9.77312501184602,6.85,256610.0,5.09,18.213153,9909.211912,2515.0,99.9,88.84,95.3,0.8,34.71104,13.1,379,40.0,0.72
E06000024,North Somerset,2022-01-01/P3Y,23.2416453178717,79.9,16.2,26970,18.9129936,4.0,70.9,8.42914551818354,7.88,314628.0,4.78,9.462965,8816.610105,2501.0,99.98,99.29,89.4,2.5,23.99705,9.9,601,45.0,0.81
E08000022,North Tyneside,2022-01-01/P3Y,33.6974517374048,73.1,23.1,21185,22.89724633,9.1,66.1,7.794418641265843,5.67,203813.0,3.7,5.791728,10334.08625,2148.2,100.0,100.0,94.1,0.5,26.60726,11.7,2608,43.0,0.72
E07000218,North Warwickshire,2022-01-01/P3Y,39.2774142979631,74.5,25.5,22225,24.93124785,9.3,54.5,11.877194812419596,6.57,270450.0,12.75,3.692907,10294.87986,2671.35,100.0,99.97,81.9,1.7,33.982,14.6,236,44.0,1.46
E07000134,North West Leicestershire,2022-01-01/P3Y,29.394924285653897,80.1,19.0,22618,19.71337094,7.4,78.1,9.81327974545759,6.96,282239.0,7.97,5.683904,10425.73058,2599.25,100.0,99.84,89.5,1.5,25.31568,9.3,401,42.0,1.15
E06000065,North Yorkshire,2022-01-01/P3Y,26.4341638562707,79.5,19.4,26697,19.58407097,4.3,67.8,11.16933106772549,7.44,270569.0,8.93,25.615196,10218.935,2524.7,96.24,78.22,82.6,4.3,23.65182,,79,48.0,0.95
E06000057,Northumberland,2022-01-01/P3Y,29.004393984467896,70.8,26.2,23192,24.15308128,7.5,64.9,9.319005646516478,5.37,213452.0,5.23,9.186842,10333.10205,2326.5,96.59,66.11,82.1,3.5,33.44347,9.6,66,49.0,0.68
E07000148,Norwich,2022-01-01/P3Y,33.3238858096553,82.7,12.2,19424,32.19545708,5.8,76.8,12.12726600073992,6.66,230706.0,3.04,5.265007,8062.949874,2117.3,100.0,100.0,89.1,0.5,26.84244,15.1,3774,34.0,1.04
E06000018,Nottingham,2022-01-01/P3Y,49.3388156449173,66.1,29.7,16823,40.21863835,11.0,63.2,12.852643419572557,6.49,192172.0,3.32,14.819179,9496.990285,2400.5,100.0,100.0,96.8,0.7,35.34678,16.1,4435,31.0,1.02
E07000219,Nuneaton and Bedworth,2022-01-01/P3Y,31.765764635743,80.4,19.0,20039,25.39011704,12.2,60.6,10.65978646478706,6.92,230734.0,3.39,6.436908,9698.928177,2436.15,100.0,100.0,93.7,0.6,27.66707,14.8,1794,40.0,0.56
E07000135,Oadby and Wigston,2022-01-01/P3Y,32.8699050849577,79.8,15.7,21514,21.08907506,7.3,69.1,8.785572468563865,6.83,259734.0,3.01,2.716255,11371.35705,2443.3,100.0,100.0,98.4,0.2,26.5856,9.3,2622,40.0,0.54
E08000004,Oldham,2022-01-01/P3Y,40.5191179542497,76.4,20.8,18084,41.77447537,8.9,54.4,11.105184881275964,6.11,214850.0,2.86,9.295619,10292.40227,2388.6,99.02,94.72,97.2,0.4,27.9708,12.5,1767,36.0,0.66
E07000178,Oxford,2022-01-01/P3Y,22.5498019303271,80.8,18.1,24772,22.88211303,4.5,85.1,10.640917524034409,10.4,466815.0,3.36,8.414742,10502.23532,2483.8,100.0,100.0,79.4,1.0,17.72266,9.3,3641,31.0,1.16
E07000122,Pendle,2022-01-01/P3Y,41.5737167178172,53.0,42.0,18176,42.50023569,5.8,63.4,13.258850112980166,4.62,149613.0,4.11,3.791797,10599.52062,2296.1,99.55,97.21,94.3,2.1,29.57205,13.5,589,39.0,0.55
E06000031,Peterborough,2022-01-01/P3Y,35.9141783167166,80.0,17.2,20393,34.92463293,6.6,56.4,9.9149280939842,6.88,237846.0,4.81,10.525018,9198.710569,2374.3,100.0,99.24,95.8,0.6,37.10497,13.1,651,36.0,0.93
E06000026,Plymouth,2022-01-01/P3Y,33.052495520834604,72.9,25.1,20223,27.29465974,9.4,57.1,10.452780731472094,6.39,222817.0,2.93,5.347685,6715.319698,2324.95,100.0,100.0,93.8,1.5,30.55384,15.5,3407,39.0,0.78
E06000044,Portsmouth,2022-01-01/P3Y,34.3622563087561,80.4,17.9,21003,31.04925054,7.3,69.5,10.909939033650822,7.22,250999.0,3.05,7.937232,8204.717071,2329.2,100.0,100.0,96.9,0.9,32.33231,12.3,5307,36.0,0.85
E07000123,Preston,2022-01-01/P3Y,45.16275532863271,80.4,19.1,18758,30.63603475,6.6,61.7,10.762936221419976,5.16,187709.0,4.85,5.946554,9612.596394,2410.7,99.55,97.65,92.2,0.8,29.74342,14.3,1145,35.0,0.97
E06000038,Reading,2022-01-01/P3Y,28.9241432392764,86.1,11.3,24551,24.94297676,2.7,76.3,9.978167145699755,8.6,361243.0,3.28,8.356108,10096.44245,2534.5,100.0,100.0,96.4,0.3,25.22066,12.2,4528,35.0,1.08
E09000026,Redbridge,2022-01-01/P3Y,32.836522655734896,69.0,28.7,27443,30.52082733,8.4,72.1,10.732146959549013,11.19,495977.0,2.11,12.359045,12222.12231,2719.8,100.0,100.0,93.3,0.9,19.09858,9.6,5696,35.0,0.46
E06000003,Redcar and Cleveland,2022-01-01/P3Y,34.7580663336002,74.3,23.1,19234,31.32569964,5.7,66.3,8.892704915519303,4.7,153205.0,4.82,4.479117,9846.907894,2202.0,99.28,97.47,90.2,1.8,35.52731,13.4,568,45.0,0.55
E07000236,Redditch,2022-01-01/P3Y,30.9447835951952,81.8,16.6,21525,27.12026833,3.2,71.3,9.64233865646034,7.23,243843.0,3.56,4.043516,9286.954939,2490.2,100.0,100.0,90.7,0.6,26.88569,13.1,1619,40.0,0.78
E07000211,Reigate and Banstead,2022-01-01/P3Y,22.004423584747705,90.0,9.8,32092,14.53391035,,73.4,6.678429780456575,11.05,480481.0,4.03,7.059077,11830.33088,2867.8,100.0,100.0,88.0,1.5,18.70773,9.5,1232,41.0,0.77
E07000124,Ribble Valley,2022-01-01/P3Y,24.698413079868104,79.3,20.7,29775,14.90712661,,83.2,9.576789611132972,6.73,287641.0,16.14,2.555226,10506.99137,2601.0,95.55,70.68,86.6,3.8,26.08486,6.4,113,48.0,0.86
E09000027,Richmond upon Thames,2022-01-01/P3Y,15.7225238133616,78.5,16.5,49666,10.61512778,3.6,89.1,8.260177393677507,12.58,818949.0,2.9,9.17073,11183.04709,2576.4,100.0,100.0,90.8,1.0,10.5369,6.6,3427,42.0,0.85
E08000005,Rochdale,2022-01-01/P3Y,45.8599239244373,69.9,27.5,18515,36.94976495,15.9,57.5,10.489584659115014,5.91,210083.0,3.62,9.297689,9863.224054,2417.15,99.99,99.94,92.0,0.9,28.73514,13.8,1490,37.0,0.66
E07000075,Rochford,2022-01-01/P3Y,23.3006838279176,77.0,21.4,26459,17.44814582,,54.1,7.078603555365175,9.05,415574.0,3.49,3.709433,11316.92793,2816.75,100.0,100.0,89.9,0.6,32.5334,6.2,538,44.0,0.59
E07000125,Rossendale,2022-01-01/P3Y,42.9444601589458,74.1,25.9,22128,26.93037513,11.6,59.5,10.696930745838166,5.24,193320.0,5.35,2.73272,10957.82537,2505.2,99.86,99.28,92.9,1.6,26.5741,16.2,529,42.0,0.5
E07000064,Rother,2022-01-01/P3Y,21.7107486520927,67.7,31.0,27069,26.43858027,3.7,68.7,9.6595706857473,9.95,343870.0,3.99,3.481132,10189.99926,2641.1,99.8,95.09,74.4,2.7,22.63656,14.0,189,53.0,0.77
E08000018,Rotherham,2022-01-01/P3Y,40.803214543786105,67.1,28.7,19793,30.62801382,10.6,59.1,10.77534724832327,5.53,190069.0,4.66,12.239848,9947.950812,2302.7,100.0,99.91,96.7,0.6,32.89463,14.0,965,41.0,0.65
E07000220,Rugby,2022-01-01/P3Y,30.246907993395,85.6,12.9,23182,18.0851937,2.9,77.3,10.845317862395817,6.25,276208.0,14.01,6.175456,10251.35808,2586.0,100.0,99.9,92.9,1.2,26.04741,11.8,349,40.0,0.75
E07000212,Runnymede,2022-01-01/P3Y,26.4408105963167,82.0,18.0,31483,18.41794569,6.7,75.3,7.336796444063622,9.69,489116.0,5.7,4.61011,11524.74298,2921.9,100.0,99.96,85.8,1.7,21.43061,9.5,1181,39.0,1.03
E07000176,Rushcliffe,2022-01-01/P3Y,20.2492201257419,80.7,17.1,28293,11.34967989,1.5,79.8,8.70595759890141,7.51,331451.0,6.2,6.369549,11097.20484,2596.6,100.0,99.84,80.9,1.6,19.21652,6.7,310,43.0,0.76
E07000092,Rushmoor,2022-01-01/P3Y,29.415581061493203,85.6,14.4,22540,19.97701494,10.0,53.3,7.135073672241436,9.5,328963.0,3.13,4.81205,9958.21617,2545.3,100.0,100.0,96.2,1.0,24.51492,10.5,2708,37.0,0.83
E06000017,Rutland,2022-01-01/P3Y,27.4332987001145,80.3,17.8,28694,15.21270037,5.1,68.3,10.928808226105522,7.94,299980.0,20.58,2.113709,11248.18722,2702.45,99.93,83.11,78.8,4.3,27.23233,7.8,109,47.0,0.84
E08000006,Salford,2022-01-01/P3Y,42.8461501811307,71.3,22.2,21128,33.64431896,6.6,68.0,9.936814100432324,6.58,231890.0,4.54,11.55096,9256.862176,2614.3595,100.0,100.0,94.2,2.3,26.38517,13.3,3028,33.0,0.91
E08000028,Sandwell,2022-01-01/P3Y,48.252697472717,69.8,25.7,16562,40.17623606,11.8,47.9,13.503926846355224,6.57,205743.0,3.42,13.405922,10299.82552,2463.8,100.0,100.0,96.2,0.1,37.23118,16.6,4135,36.0,0.6
E08000014,Sefton,2022-01-01/P3Y,32.5805494720043,79.9,19.5,21904,24.82213766,5.7,69.0,9.82747494538132,6.23,225433.0,4.06,9.587732,9835.66215,2371.7,100.0,99.28,88.3,0.6,30.83275,8.7,1828,45.0,0.6
E07000111,Sevenoaks,2022-01-01/P3Y,19.610914859206897,74.6,25.4,37860,15.55509182,7.9,64.3,8.063654403907801,10.77,543081.0,5.76,5.494383,11898.63648,3044.2,99.8,96.96,76.2,3.9,23.98072,9.1,332,44.0,0.81
E08000019,Sheffield,2022-01-01/P3Y,33.441009906125394,73.1,24.7,19462,31.59476782,7.4,70.5,,,,,24.477825,12561.0,2877.5,,,,,27.55964,11.1,1583,36.0,0.79
E06000051,Shropshire,2022-01-01/P3Y,26.9653243962826,78.8,18.0,23824,23.41169725,7.7,67.2,12.751636238374097,7.43,284036.0,7.64,15.942853,9099.019969,2618.7,99.69,81.15,74.6,7.7,30.14507,9.6,104,48.0,0.84
E06000039,Slough,2022-01-01/P3Y,45.894970998585,80.7,14.2,21205,31.25572206,6.7,60.7,9.76915415807071,10.13,352024.0,4.64,6.984001,10467.68376,2683.5,100.0,100.0,96.9,0.4,29.98331,11.5,5143,34.0,0.77
E08000029,Solihull,2022-01-01/P3Y,22.6956687669994,77.6,19.6,26815,20.05800571,5.8,67.7,8.905579399141631,7.04,334966.0,4.94,10.568427,11355.747,2710.4,100.0,100.0,95.4,1.1,17.28569,9.8,1241,42.0,1.19
E06000066,Somerset,2022-01-01/P3Y,23.218572230644103,78.9,19.0,24547,23.85752348,5.8,64.2,10.244609640164455,7.86,281571.0,6.58,47.032683,8171.907379,2627.75,99.39,84.89,75.7,4.7,33.24217,,171,46.0,0.86
E07000012,South Cambridgeshire,2022-01-01/P3Y,21.632399781749506,80.3,13.8,31091,14.03488304,2.3,73.2,8.52497228460161,8.75,436011.0,7.4,9.189303,10190.31125,2796.1,100.0,99.61,85.8,1.9,20.31798,7.6,191,42.0,0.87
E07000039,South Derbyshire,2022-01-01/P3Y,29.9849571746576,81.5,18.5,22839,18.96654038,3.7,61.9,8.801381261441172,6.17,258672.0,6.07,6.379983,9595.327493,2524.9,100.0,99.83,92.6,1.4,31.67584,12.5,347,41.0,0.51
E06000025,South Gloucestershire,2022-01-01/P3Y,20.509157266987103,85.0,13.2,25422,17.53912188,3.7,72.1,7.347499820188442,8.35,340300.0,5.12,14.055228,8883.182669,2550.3,99.98,98.42,85.4,1.4,26.25019,9.4,616,39.0,0.96
E07000044,South Hams,2022-01-01/P3Y,17.7817419347642,81.9,18.1,29987,19.94387934,4.7,72.0,10.583994232155732,9.45,360571.0,6.54,2.323877,7931.565761,2705.8,98.32,83.46,58.7,12.0,25.0819,7.7,104,51.0,1.06
E07000140,South Holland,2022-01-01/P3Y,34.9614185679894,85.8,14.2,20789,27.82117044,10.7,44.9,10.575186403000972,7.27,231036.0,6.97,4.910872,9639.032918,2642.1,100.0,97.45,76.4,5.7,35.08929,18.9,132,46.0,0.73
E07000141,South Kesteven,2022-01-01/P3Y,27.2059879551876,66.2,27.9,24858,22.65508295,9.0,50.5,9.824246503627252,7.59,255363.0,6.45,6.821724,9700.617836,2594.3,100.0,95.41,83.0,3.5,27.86029,9.8,156,46.0,0.78
E07000149,South Norfolk,2022-01-01/P3Y,18.7827378316828,77.7,17.6,24378,17.70174356,2.6,75.2,9.932798410752254,7.66,312124.0,6.88,6.524854,8977.464985999999,2709.7,100.0,98.21,71.7,3.5,30.71594,10.0,164,46.0,0.83
E07000179,South Oxfordshire,2022-01-01/P3Y,17.5922384231715,84.0,14.8,33505,13.66551035,,86.0,8.307598691716741,9.27,474283.0,5.33,8.664354,10535.80456,2885.95,99.96,95.45,82.8,1.6,20.0174,9.6,231,43.0,0.73
E07000126,South Ribble,2022-01-01/P3Y,29.799612005549506,85.4,13.0,21936,20.44226536,2.8,68.8,7.841362894182913,5.75,211854.0,5.36,4.020509,9629.206145,2440.7,99.99,99.49,88.4,1.4,29.87404,11.4,1026,44.0,0.81
E07000196,South Staffordshire,2022-01-01/P3Y,28.5209289014457,81.3,15.6,25399,21.15492014,,81.9,9.702377238410184,7.48,310258.0,7.49,6.253279,10903.19569,2635.6,100.0,99.18,83.6,4.0,32.10749,9.1,281,48.0,0.72
E08000023,South Tyneside,2022-01-01/P3Y,37.7406406651889,65.0,28.5,19563,29.60246008,8.0,59.2,8.945023932711727,4.89,161372.0,3.14,4.105941,9692.388699,2069.85,100.0,100.0,92.9,1.2,37.80536,14.5,2350,42.0,0.51
E06000045,Southampton,2022-01-01/P3Y,37.4086941814987,75.9,21.6,19872,30.99682288,8.3,63.8,9.838175296404808,7.0,235362.0,2.6,10.684423,8621.370573,2511.7,100.0,100.0,97.0,1.3,28.08606,12.5,5201,34.0,0.71
E06000033,Southend-on-Sea,2022-01-01/P3Y,29.2574726131564,75.6,21.0,25329,29.0431669,5.4,63.1,11.00947561761808,8.18,325586.0,2.64,5.583555,10645.52548,2517.4,100.0,100.0,98.3,0.2,27.12915,11.1,4445,41.0,0.69
E09000028,Southwark,2022-01-01/P3Y,31.0948013020361,76.5,21.6,34635,31.04039168,5.9,81.1,8.183597600473146,11.09,582473.0,2.61,11.784732,7420.880175,2140.2,100.0,100.0,90.3,2.8,16.3418,11.2,10901,33.0,1.66
E07000213,Spelthorne,2022-01-01/P3Y,25.116055515791697,74.3,23.1,27896,20.40232671,4.0,66.0,7.526617160239778,10.49,429916.0,3.55,4.608495,11083.63556,2781.242623,100.0,100.0,92.2,1.8,24.61607,10.1,2385,40.0,0.71
E07000240,St Albans,2022-01-01/P3Y,16.698320250661197,85.0,14.5,38321,11.76047079,2.7,79.5,7.652435085906213,10.98,651448.0,5.56,7.153729,12782.18823,2883.9,100.0,99.98,93.5,1.2,22.51971,5.4,937,42.0,0.94
E08000013,St. Helens,2022-01-01/P3Y,38.6422504269776,74.4,22.7,20225,26.2603144,10.2,59.1,10.00366261416132,5.09,186435.0,5.38,7.464464,9179.098234,2311.4,100.0,100.0,96.9,1.1,31.26631,11.2,1385,42.0,0.61
E07000197,Stafford,2022-01-01/P3Y,28.4090078203106,76.5,22.0,24013,20.61508688,4.0,64.5,10.972273330880116,6.54,259721.0,7.86,7.943959,10258.282,2516.55,99.93,94.07,84.3,4.0,28.28247,8.2,237,45.0,0.83
E07000198,Staffordshire Moorlands,2022-01-01/P3Y,31.928830509236104,80.9,17.3,22712,20.05115434,16.7,49.2,12.200430790159846,5.89,227875.0,10.5,4.89555,10953.64139,2532.3,98.27,88.83,75.6,5.7,29.3471,8.3,168,50.0,0.74
E07000243,Stevenage,2022-01-01/P3Y,29.459255239854603,71.9,26.3,21903,25.13345915,8.4,56.7,7.299707907364906,8.06,323429.0,3.89,4.007897,9603.660063,2449.1,100.0,100.0,92.6,0.7,31.01763,9.1,3534,38.0,0.98
E08000007,Stockport,2022-01-01/P3Y,33.8783551770431,75.2,20.3,24864,19.5958614,3.2,70.9,8.795474627857622,7.76,314495.0,3.43,12.358002,11012.94917,2585.6,100.0,99.98,94.9,0.8,22.95969,10.9,2411,41.0,0.82
E06000004,Stockton-on-Tees,2022-01-01/P3Y,30.7364799683397,74.1,22.3,20209,26.24025827,8.7,57.3,7.791592391181713,4.66,170923.0,5.55,7.296572,10247.47676,2320.8,100.0,99.72,92.0,3.7,32.19116,10.7,1009,41.0,0.74
E06000021,Stoke-on-Trent,2022-01-01/P3Y,41.4614170301451,75.0,21.9,17626,37.6337886,8.4,63.0,14.774522912361734,4.73,148799.0,3.91,12.072268,9790.422834,2297.7,100.0,100.0,94.0,1.4,34.08647,14.4,2894,37.0,0.81
E07000221,Stratford-on-Avon,2022-01-01/P3Y,21.2291660928201,85.3,11.7,32164,17.71765493,2.2,77.4,11.275365128602816,8.96,392574.0,6.91,7.668568,9596.553075,2795.7,99.99,97.03,85.3,1.7,19.3434,7.9,150,47.0,1.05
E07000082,Stroud,2022-01-01/P3Y,24.762997884301,88.0,9.9,27487,17.80354388,4.2,81.4,9.844119718945867,8.55,355953.0,6.01,12.566242,9475.328108,2700.7,99.3,94.99,80.8,1.9,27.48174,9.7,273,46.0,0.87
E08000024,Sunderland,2022-01-01/P3Y,34.5576421721543,72.4,24.8,18751,29.7359035,13.0,51.0,9.32170632527792,4.64,143216.0,3.49,8.348035,10432.50611,2145.5,100.0,100.0,94.7,1.3,42.60298,12.8,2101,41.0,0.73
E07000214,Surrey Heath,2022-01-01/P3Y,17.0963168953916,84.9,13.0,33217,13.81087498,7.1,67.5,5.812836030232981,10.77,461396.0,4.91,5.012704,12965.10132,3043.85,100.0,99.29,89.4,0.8,23.74104,7.5,994,43.0,1.0
E09000029,Sutton,2022-01-01/P3Y,23.134466941726103,81.3,14.7,27343,19.70166431,4.3,79.1,8.082181097010684,10.25,446775.0,2.73,7.96813,11005.67784,2634.25,100.0,100.0,91.7,1.0,30.22429,8.7,4893,40.0,0.62
E07000113,Swale,2022-01-01/P3Y,27.3589785838824,80.7,18.7,22987,26.99553872,6.9,61.6,8.723680549114182,7.94,298394.0,6.4,5.648337,9050.243008,2592.95,99.77,98.67,80.2,3.3,34.53465,13.3,424,41.0,0.64
E06000030,Swindon,2022-01-01/P3Y,32.0750906931169,80.3,18.0,22214,22.63179743,5.9,63.2,8.107391253094425,7.2,265666.0,3.8,10.698143,9442.292098,2493.2,100.0,99.97,96.9,1.5,32.90507,10.2,1060,39.0,0.79
E08000008,Tameside,2022-01-01/P3Y,39.74348632372921,73.2,24.8,19444,32.46581197,8.2,59.9,10.229600915710398,6.22,211304.0,3.06,9.226532,9578.745835,2345.4,99.83,99.73,95.1,0.5,32.70824,16.5,2323,39.0,0.54
E07000199,Tamworth,2022-01-01/P3Y,28.2922647913704,83.1,16.9,19377,26.87627442,3.7,45.8,9.436989498249709,6.23,230478.0,2.84,3.952783,9516.433429,2548.108,100.0,100.0,97.9,0.2,36.6925,12.4,2630,40.0,0.64
E07000215,Tandridge,2022-01-01/P3Y,20.2997906340823,79.4,19.7,34393,16.02448266,5.6,56.4,7.509383448384472,12.32,475344.0,5.72,4.097982,12843.44755,3073.65,100.0,99.66,72.9,3.8,25.12206,10.0,365,43.0,0.71
E07000045,Teignbridge,2022-01-01/P3Y,22.0392169782482,77.7,20.7,24924,23.94820494,3.6,70.4,9.413121800139056,8.47,303564.0,4.68,3.899831,7891.601846,2536.8,99.38,73.37,76.9,6.8,21.42674,15.3,206,50.0,0.77
E06000020,Telford and Wrekin,2022-01-01/P3Y,30.942797188154604,74.6,22.5,20279,33.02785082,11.9,56.9,10.673121543150264,6.38,220519.0,4.48,9.340173,9100.998231,2403.5,99.83,97.64,87.1,1.5,33.41304,12.6,675,39.0,0.81
E07000076,Tendring,2022-01-01/P3Y,32.6312263926069,66.6,32.9,23116,33.58489043,9.1,49.3,10.854278452414572,7.26,261717.0,3.97,4.982799,9423.960596,2472.0,100.0,98.78,79.4,0.8,36.36275,14.8,466,50.0,0.59
E07000093,Test Valley,2022-01-01/P3Y,21.739385033528105,85.9,13.6,28128,17.29381548,3.8,76.8,7.523612700473108,9.0,372348.0,5.52,6.918097,9047.897381,2749.85,99.92,73.29,75.6,4.2,24.36444,7.8,215,44.0,0.89
E07000083,Tewkesbury,2022-01-01/P3Y,23.0217537054038,76.3,23.7,26150,19.80583532,11.3,62.7,7.796188325305925,8.28,329883.0,6.97,10.374237,8720.505351,2519.4,99.86,95.74,87.7,4.2,25.88327,9.8,246,43.0,0.9
E07000114,Thanet,2022-01-01/P3Y,32.7348136809517,71.9,21.2,23099,34.84562809,17.0,62.4,10.419239225371202,8.13,268760.0,3.45,3.139607,8685.281688,2291.6,100.0,100.0,79.2,1.8,34.76916,14.5,1377,44.0,0.67
E07000102,Three Rivers,2022-01-01/P3Y,22.5769774768815,74.7,20.2,36455,14.66609405,3.2,86.9,7.500967617081667,12.39,580120.0,5.84,4.293449,12472.84486,2940.2,100.0,99.99,91.5,1.3,24.1645,7.2,1079,42.0,0.87
E06000034,Thurrock,2022-01-01/P3Y,30.3781877840177,78.1,19.4,23074,26.91783157,7.0,58.1,8.198410994202277,8.45,327176.0,5.17,6.783189,9701.173648,2797.1,100.0,100.0,92.8,1.3,31.79624,13.5,1105,36.0,0.73
E07000115,Tonbridge and Malling,2022-01-01/P3Y,22.9638293134934,86.3,13.7,28282,16.90337773,5.4,60.5,7.271458478715981,9.78,405932.0,5.51,5.993005,10131.1667,2736.5,99.98,98.15,85.5,3.0,27.32086,7.0,570,42.0,0.88
E06000027,Torbay,2022-01-01/P3Y,32.0734943367805,74.1,24.3,22335,31.63331181,5.2,61.2,10.24557618255645,7.46,223577.0,2.78,2.996598,8016.738245,2396.6,100.0,99.51,87.8,1.8,27.88613,13.8,2229,49.0,0.74
E07000046,Torridge,2022-01-01/P3Y,22.264028270856105,79.4,20.6,22672,29.70493664,9.8,73.4,11.301295393122302,8.06,260783.0,8.61,1.844906,7422.090078,2701.6,99.42,46.7,60.0,12.7,26.97859,8.4,71,52.0,0.86
E09000030,Tower Hamlets,2022-01-01/P3Y,42.13990789724001,66.2,28.9,31111,50.34144602,9.5,70.7,7.034923150779922,9.62,456898.0,2.98,13.066304,7031.74175,2155.3,100.0,100.0,86.7,3.0,16.57765,12.1,16787,30.0,1.47
E08000009,Trafford,2022-01-01/P3Y,30.6151215553074,75.0,21.4,28557,15.80529564,4.5,74.4,8.837209302325581,8.67,396811.0,5.85,9.88364,11339.7546,2669.05,100.0,100.0,94.0,0.9,23.47297,8.6,2273,40.0,1.19
E07000116,Tunbridge Wells,2022-01-01/P3Y,19.8077723030288,82.9,14.3,33378,16.35093882,8.1,68.8,9.31969885128842,8.98,445133.0,3.49,5.540426,10931.88785,2849.9,99.97,98.45,80.8,3.2,22.24649,12.2,361,43.0,0.92
E07000077,Uttlesford,2022-01-01/P3Y,19.6625209226238,75.7,15.9,33280,13.87327824,3.8,64.7,9.324966429087905,9.22,482652.0,8.83,4.668098,11171.1837,3030.1,99.98,97.44,82.9,3.6,21.11904,13.1,148,44.0,1.03
E07000180,Vale of White Horse,2022-01-01/P3Y,17.0355674234531,81.4,12.0,29226,16.00178064,4.7,80.8,7.765552264071096,9.05,414441.0,5.55,7.511618,10008.90971,2698.6,100.0,95.59,84.4,1.5,21.014,7.3,259,41.0,0.87
E08000036,Wakefield,2022-01-01/P3Y,35.1445305614749,73.9,22.4,20706,27.47307061,6.8,58.6,10.794478603968036,5.81,198519.0,4.78,16.596934,9653.471289,2278.2,100.0,99.99,95.3,1.1,36.17819,13.7,1086,40.0,0.79
E08000030,Walsall,2022-01-01/P3Y,45.72151413374021,73.5,21.0,18199,38.32323105,11.1,58.9,12.08590006844627,6.55,214577.0,3.27,12.290581,10469.95612,2584.726,100.0,100.0,94.2,0.4,34.77297,13.6,2843,38.0,0.63
E09000031,Waltham Forest,2022-01-01/P3Y,34.7657330173906,73.7,24.1,28104,32.19501757,5.2,75.1,11.489046138451092,11.86,522743.0,2.08,11.339556,9940.153264,2309.4,100.0,100.0,94.1,1.2,21.63134,9.0,7208,36.0,0.53
E09000032,Wandsworth,2022-01-01/P3Y,26.548349698524603,83.9,12.1,47804,23.82423163,2.7,85.9,8.535410954323547,11.59,680105.0,2.33,12.063844,8916.623290000001,2205.5,100.0,100.0,90.3,0.8,16.66279,9.0,9855,33.0,0.59
E06000007,Warrington,2022-01-01/P3Y,35.824190434007896,80.2,17.0,24301,19.30433461,3.3,73.9,8.120985463150777,6.32,259398.0,5.84,9.234729,9664.384607,2457.2,100.0,100.0,96.0,0.6,23.69572,8.2,1192,42.0,1.24
E07000222,Warwick,2022-01-01/P3Y,27.020104038282,75.5,20.6,28555,14.73556276,1.5,82.7,10.037994852310332,7.55,372922.0,5.6,8.175956,10028.80351,2576.8,100.0,99.89,86.1,0.7,19.16924,10.7,548,40.0,1.1
E07000103,Watford,2022-01-01/P3Y,25.774754815383897,81.2,18.8,26109,24.15364871,2.7,78.4,10.812828044493669,9.83,396385.0,2.94,4.481091,10890.088,2582.25,100.0,100.0,95.0,0.3,22.47579,10.4,5001,37.0,1.08
E07000216,Waverley,2022-01-01/P3Y,18.7803279927334,80.6,19.4,39876,11.11372734,4.9,81.1,7.86799764281505,11.01,560596.0,3.41,6.877012,12511.92139,3020.6,99.87,97.08,71.1,3.1,19.72999,8.1,389,44.0,0.84
E07000065,Wealden,2022-01-01/P3Y,16.462446733163098,79.0,19.1,30000,20.01811266,5.1,65.8,8.335163628376895,8.72,386787.0,3.63,7.230269,10018.48738,2840.65,99.74,95.33,75.3,2.4,23.48901,8.5,200,49.0,0.74
E07000241,Welwyn Hatfield,2022-01-01/P3Y,21.703730262283106,79.8,19.4,27671,19.99389233,8.0,72.0,8.361423990791746,9.75,450696.0,4.15,6.05139,10711.8902,2656.6,100.0,99.98,88.0,2.0,20.56243,13.2,948,38.0,1.07
E06000037,West Berkshire,2022-01-01/P3Y,20.8401725231565,81.6,17.2,31706,16.64559629,4.3,74.8,7.923056416875957,9.02,402790.0,6.45,8.532581,10783.62453,3052.7,99.97,85.92,87.8,1.6,19.44557,10.0,234,43.0,1.17
E07000047,West Devon,2022-01-01/P3Y,20.080996157625503,83.5,16.5,24525,24.57357958,,80.3,11.477597712106768,7.82,286145.0,8.53,1.54088,8289.535593999999,2777.1,96.85,63.29,64.2,12.8,23.19958,11.5,51,52.0,0.66
E07000127,West Lancashire,2022-01-01/P3Y,35.448089187876604,77.6,17.6,23735,24.0631759,5.7,72.9,9.415526736542905,6.34,231816.0,7.77,4.842345,10073.87575,2592.5,100.0,99.94,85.6,1.9,27.08094,11.1,352,44.0,0.84
E07000142,West Lindsey,2022-01-01/P3Y,27.5646196853346,61.7,27.8,22385,24.2023394,11.2,47.8,11.623001776198931,5.98,210732.0,7.45,4.828391,9971.790134,2566.0,99.96,96.84,68.1,8.3,33.0531,15.0,86,48.0,0.64
E06000062,West Northamptonshire,2022-01-01/P3Y,28.8326772173432,77.9,18.0,24612,22.67818828,6.4,63.8,9.769620859269578,7.89,292754.0,5.8,20.716329,10052.24785,2655.7,99.99,98.46,94.3,1.2,27.59846,11.0,319,40.0,0.89
E07000181,West Oxfordshire,2022-01-01/P3Y,15.560328707939,90.4,9.6,32220,16.23911728,14.9,59.2,8.932364231571153,8.99,416425.0,4.73,6.130563,10141.85966,2852.85,99.9,97.53,92.6,0.6,28.02398,10.8,169,43.0,0.84
E07000245,West Suffolk,2022-01-01/P3Y,25.5365763925428,77.3,16.6,22797,19.88593377,8.4,55.7,10.271153613364,7.24,296879.0,7.55,9.095659,8997.987766,2569.75,99.97,89.06,82.6,1.3,31.36213,11.4,182,41.0,1.04
E09000033,Westminster,2022-01-01/P3Y,23.744954022087803,70.2,25.0,76381,26.32723112,1.6,80.3,10.199601374967504,16.44,854198.0,7.86,9.359894,7399.414521,2134.65,100.0,100.0,89.5,2.8,20.28317,13.0,9775,35.0,5.51
E06000064,Westmorland and Furness,2022-01-01/P3Y,27.2683358954199,82.0,16.6,25083,19.59029143,8.8,59.5,10.746260382692894,5.73,230066.0,11.9,6.806793,9658.478485,2471.45,96.16,66.26,81.8,4.0,23.67371,,61,49.0,0.94
E08000010,Wigan,2022-01-01/P3Y,36.7460916177507,70.0,28.1,19357,24.85268467,10.4,55.1,9.775457618043704,5.28,195557.0,3.33,13.810742,9154.489391,2373.7,100.0,100.0,96.5,0.5,33.96442,12.8,1833,41.0,0.58
E06000054,Wiltshire,2022-01-01/P3Y,23.7933325762212,80.4,18.4,26527,18.98307672,4.3,72.2,9.636752698922184,8.46,328908.0,5.6,26.185024,9169.995295,2791.1,99.43,79.24,76.9,2.8,28.7035,10.2,161,44.0,0.87
E07000094,Winchester,2022-01-01/P3Y,19.9624746338472,81.1,16.6,32202,15.30532946,3.3,79.0,8.234633633959941,10.05,471136.0,5.76,6.653466,9768.6487,2739.25,99.98,83.43,69.3,4.9,19.35783,6.5,205,42.0,1.34
E06000040,Windsor and Maidenhead,2022-01-01/P3Y,20.8597137535688,82.3,14.5,36876,13.04116866,3.2,75.3,7.608027537033622,11.61,576992.0,4.85,8.186831,12106.22546,2955.45,100.0,99.97,85.8,1.8,23.11724,8.9,809,42.0,1.14
E08000015,Wirral,2022-01-01/P3Y,31.1487181054956,74.2,24.0,22005,25.15860224,3.9,71.3,10.330746970881702,5.72,215575.0,3.22,11.414863,9737.22678,2397.6,100.0,99.99,96.4,0.4,36.71122,11.0,2044,44.0,0.62
E07000217,Woking,2022-01-01/P3Y,24.6070832315842,83.4,12.2,33289,18.44823445,3.7,78.3,6.853575533569223,9.95,433790.0,3.13,5.077523,11950.98749,2995.2,100.0,99.97,91.5,1.7,14.13331,4.2,1661,40.0,0.82
E06000041,Wokingham,2022-01-01/P3Y,17.934923861628498,78.6,20.0,30443,10.66382027,1.7,81.0,5.556455532156164,9.38,498941.0,3.68,10.031208,11759.10714,2889.4,100.0,99.97,93.8,1.0,18.53787,6.0,1046,41.0,0.87
E08000031,Wolverhampton,2022-01-01/P3Y,46.306594280500605,70.3,23.4,18174,37.82316741,11.7,60.3,13.479772584163024,6.14,216668.0,3.24,11.098306,10655.91283,2533.35,100.0,100.0,98.2,0.5,30.06941,12.8,4050,37.0,0.72
E07000237,Worcester,2022-01-01/P3Y,33.182036004098,78.4,18.3,20193,26.47394447,4.9,64.8,10.509369566617297,6.69,253787.0,3.23,4.953081,8905.150209,2441.5,100.0,100.0,93.4,0.2,24.27282,12.3,3199,39.0,0.84
E07000229,Worthing,2022-01-01/P3Y,26.034147385633503,82.3,11.6,25505,22.45897229,7.7,70.1,8.791001039795821,9.57,296227.0,2.32,3.747239,8885.711266,2441.65,100.0,100.0,97.6,0.1,19.00022,15.1,3501,45.0,0.83
E07000238,Wychavon,2022-01-01/P3Y,23.7764653108018,76.6,23.4,26718,22.43544078,4.9,69.0,11.253201211857457,9.04,328015.0,7.5,7.277524,9177.161351,2730.2431690000003,99.98,98.83,78.4,2.9,25.29424,10.2,208,47.0,0.86
E07000128,Wyre,2022-01-01/P3Y,34.461646326003,67.7,26.7,22854,23.48392798,2.0,55.5,9.623975120158326,5.13,193024.0,6.61,3.991351,9705.727462,2438.7,98.91,95.54,92.4,1.2,37.53648,9.0,421,50.0,0.63
E07000239,Wyre Forest,2022-01-01/P3Y,30.5280300875144,81.5,18.5,22201,28.72957613,4.0,61.6,11.141494435612085,7.5,232448.0,3.68,5.026051,9344.324562,2506.5,99.93,87.86,88.1,1.5,27.36235,10.3,532,47.0,0.66
E06000014,York,2022-01-01/P3Y,26.190271962580105,79.4,18.6,23553,18.19555789,4.9,77.0,9.813874788494076,7.53,309611.0,3.69,9.006865,10435.67153,2408.0,100.0,100.0,90.3,2.0,18.46517,8.3,770,38.0,0.96
