lsoa_code,lsoa_name,imd_score,imd_decile,health_deprivation_score,health_deprivation_decile,income_score,employment_score,education_score,crime_score,housing_barriers_score,living_environment_score,indoors_subdomain_score,outdoors_subdomain_score,idaci_score,idaopi_score,total_population,population_0_15,population_60_plus,population_working_age,pct_population_0_15,pct_population_60_plus
E01008693,Sunderland 008A,39.321,2,1.568,1,0.346,0.238,40.163,0.959,12.373,27.391,0.205,0.626,0.511,0.236,1471,259,399,926,17.60707002039429,27.124405166553366
E01008694,Sunderland 008B,41.154,2,1.539,1,0.418,0.266,38.285,0.872,14.549,12.157,-0.169,-0.273,0.672,0.387,1376,251,328,880,18.24127906976744,23.837209302325583
E01008695,Sunderland 008C,39.53,2,1.24,1,0.401,0.272,47.859,0.195,18.83,14.329,-0.151,-0.007,0.546,0.33,1470,304,314,950,20.680272108843536,21.360544217687075
E01008696,Sunderland 008D,15.238,6,0.614,3,0.158,0.126,12.702,-0.068,15.543,3.427,-0.773,-0.573,0.192,0.165,1194,167,330,843,13.986599664991624,27.63819095477387
E01008697,Sunderland 008E,38.558,2,1.518,1,0.381,0.226,48.058,0.786,14.035,11.6,-0.206,-0.256,0.423,0.449,1362,206,492,761,15.12481644640235,36.12334801762114
E01008698,Sunderland 003A,44.202,2,1.607,1,0.446,0.265,51.759,0.555,15.941,18.706,-0.122,0.425,0.548,0.517,1445,241,391,924,16.67820069204152,27.058823529411764
E01008699,Sunderland 008F,46.252,1,1.343,1,0.454,0.271,51.633,1.144,16.502,27.179,-0.036,1.069,0.597,0.397,1407,314,344,844,22.316986496090973,24.449182658137882
E01008700,Sunderland 013A,28.272,3,1.054,2,0.248,0.152,22.594,0.64,14.615,45.046,0.706,1.045,0.272,0.379,2093,345,253,1544,16.483516483516482,12.087912087912088
E01008701,Sunderland 011A,41.346,2,1.46,1,0.313,0.202,32.485,1.55,9.958,58.699,1.139,0.727,0.536,0.291,1728,326,271,1217,18.86574074074074,15.682870370370368
E01008702,Sunderland 016A,73.62,1,2.626,1,0.629,0.443,76.44,1.376,24.462,11.109,-0.351,-0.007,0.649,0.616,1202,208,385,700,17.304492512479204,32.02995008319468
E01008703,Sunderland 013B,47.808,1,2.523,1,0.332,0.236,33.759,1.793,24.807,32.884,0.149,1.244,0.25,0.801,2551,172,442,2040,6.742453939631517,17.326538612308898
E01008704,Sunderland 011B,33.091,3,1.031,2,0.283,0.198,26.013,0.381,9.791,60.753,1.278,0.297,0.405,0.295,1611,255,362,1120,15.828677839851025,22.470515207945375
E01008705,Sunderland 013C,49.502,1,1.415,1,0.399,0.256,44.846,1.155,21.609,68.108,1.285,0.977,0.602,0.389,1085,175,241,751,16.129032258064516,22.211981566820278
E01008706,Sunderland 011C,47.712,1,1.561,1,0.377,0.24,34.347,1.485,11.685,71.018,1.386,0.859,0.552,0.34,1526,261,316,1004,17.10353866317169,20.70773263433814
E01008707,Sunderland 011D,41.014,2,0.902,2,0.377,0.197,25.926,1.374,17.371,73.631,1.526,0.663,0.526,0.238,1322,327,195,867,24.735249621785176,14.750378214826021
E01008708,Sunderland 005A,27.775,3,1.136,2,0.264,0.192,26.459,0.412,10.157,21.87,0.233,-0.048,0.279,0.343,1490,225,491,904,15.100671140939598,32.95302013422819
E01008709,Sunderland 005B,70.122,1,2.025,1,0.565,0.415,69.992,1.446,13.307,47.923,0.837,0.879,0.645,0.554,1188,211,297,782,17.76094276094276,25.0
E01008711,Sunderland 005D,29.105,3,0.917,2,0.245,0.165,19.193,0.519,6.305,60.741,1.155,0.843,0.327,0.233,1478,240,397,976,16.23815967523681,26.860622462787553
E01008712,Sunderland 004A,54.039,1,1.92,1,0.522,0.345,49.016,0.982,15.901,9.256,-0.443,-0.083,0.7,0.431,1746,332,536,1009,19.014891179839633,30.698739977090494
E01008713,Sunderland 001A,7.355,9,-0.148,6,0.055,0.062,5.803,-0.068,8.882,23.433,-0.02,0.702,0.101,0.042,1508,199,501,976,13.196286472148541,33.222811671087534
E01008714,Sunderland 034A,52.105,1,1.938,1,0.539,0.335,35.487,1.128,13.632,5.309,-0.706,-0.288,0.721,0.482,1541,386,314,903,25.048669695003245,20.376378974691757
E01008715,Sunderland 034B,28.765,3,0.724,3,0.292,0.216,19.097,0.845,9.595,28.784,0.434,0.22,0.415,0.2,1355,274,351,831,20.22140221402214,25.904059040590404
E01008716,Sunderland 034C,7.556,9,0.207,4,0.078,0.082,4.807,-0.635,15.085,3.275,-0.701,-0.738,0.096,0.046,1417,196,561,803,13.832039520112914,39.59068454481299
E01008717,Sunderland 034D,31.224,3,0.945,2,0.328,0.221,27.565,0.864,12.595,15.72,0.001,-0.219,0.459,0.244,1539,311,390,939,20.207927225471085,25.341130604288498
E01008718,Sunderland 035A,24.066,4,1.012,2,0.265,0.164,20.664,0.466,15.83,5.276,-0.452,-0.898,0.375,0.266,1777,298,443,1148,16.769836803601574,24.929656724817107
E01008719,Sunderland 035B,52.148,1,2.198,1,0.433,0.302,56.316,1.057,12.866,27.606,0.471,-0.041,0.625,0.286,1174,157,449,664,13.373083475298126,38.24531516183987
E01008720,Sunderland 032A,36.225,2,1.087,2,0.327,0.248,32.48,0.878,16.651,31.324,0.416,0.534,0.52,0.23,1360,208,396,845,15.294117647058824,29.117647058823533
E01008721,Sunderland 032B,11.634,7,0.468,3,0.104,0.101,6.921,-0.84,19.453,12.434,-0.169,-0.225,0.162,0.076,1590,260,420,1003,16.352201257861633,26.41509433962264
E01008722,Sunderland 001B,8.72,8,-0.008,5,0.066,0.086,5.682,-0.284,6.623,24.251,0.219,0.273,0.103,0.07,1391,162,503,834,11.646297627606039,36.16103522645579
E01008723,Sunderland 002A,5.845,9,-0.421,7,0.037,0.048,2.152,0.525,13.608,8.529,-0.52,-0.059,0.053,0.023,1539,230,544,928,14.944769330734243,35.34762833008447
E01008724,Sunderland 001C,4.944,10,-0.393,7,0.053,0.054,3.795,-0.751,9.867,19.516,0.157,-0.14,0.128,0.028,1154,189,365,711,16.377816291161178,31.629116117850952
E01008725,Sunderland 002B,8.67,8,0.122,5,0.084,0.073,7.802,-1.065,7.919,27.203,0.573,-0.569,0.091,0.099,1350,153,579,752,11.333333333333332,42.888888888888886
E01008726,Sunderland 001D,10.637,8,-0.164,6,0.084,0.081,7.303,-0.359,7.012,41.245,0.875,0.045,0.175,0.063,1369,156,484,872,11.39517896274653,35.35427319211103
E01008727,Sunderland 002C,20.994,5,0.538,3,0.153,0.128,13.337,-0.35,9.946,61.144,1.347,-0.026,0.271,0.123,1490,192,499,938,12.885906040268457,33.48993288590604
E01008728,Sunderland 002D,10.283,8,-0.021,5,0.084,0.089,6.98,-0.692,7.799,35.714,0.754,-0.071,0.124,0.087,1324,159,429,845,12.009063444108762,32.40181268882175
E01008730,Sunderland 021B,61.894,1,1.626,1,0.623,0.366,75.398,0.747,14.162,7.731,-0.632,-0.02,0.751,0.587,1575,407,276,977,25.841269841269842,17.523809523809526
E01008732,Sunderland 021D,31.752,3,1.128,2,0.323,0.227,32.864,0.579,11.004,13.706,-0.405,0.377,0.427,0.319,1870,314,445,1231,16.791443850267378,23.796791443850267
E01008733,Sunderland 021E,59.91,1,2.041,1,0.537,0.379,46.575,1.621,14.941,13.956,-0.276,0.204,0.709,0.47,1557,252,370,1041,16.184971098265898,23.763648041104688
E01008734,Sunderland 021F,12.258,7,0.293,4,0.089,0.116,15.558,-0.557,10.767,17.28,0.023,-0.065,0.141,0.057,1293,120,706,622,9.280742459396752,54.601701469450894
E01008735,Sunderland 016B,41.874,2,1.425,1,0.385,0.251,30.149,1.434,17.19,30.86,0.399,0.532,0.472,0.443,1990,346,490,1246,17.386934673366834,24.623115577889447
E01008736,Sunderland 016C,83.195,1,2.314,1,0.643,0.535,74.867,2.598,26.903,52.288,0.995,0.699,0.72,0.537,1038,209,224,675,20.134874759152215,21.57996146435453
E01008737,Sunderland 016D,63.223,1,1.595,1,0.478,0.38,39.97,2.172,14.742,68.886,1.371,0.714,0.525,0.33,1295,296,244,850,22.857142857142858,18.841698841698843
E01008738,Sunderland 016E,66.936,1,1.853,1,0.469,0.403,55.23,1.973,16.855,64.45,1.386,0.209,0.574,0.322,1071,200,266,697,18.674136321195146,24.836601307189543
E01008739,Sunderland 024A,41.29,2,0.906,2,0.45,0.273,47.497,0.783,11.273,26.034,0.291,0.296,0.61,0.329,1529,325,354,963,21.255722694571617,23.152387181164162
E01008740,Sunderland 022A,15.324,6,0.873,2,0.121,0.124,9.746,-0.122,9.75,15.704,-0.145,0.147,0.16,0.11,1477,214,600,805,14.488828706838186,40.62288422477996
E01008741,Sunderland 024B,21.019,5,0.46,4,0.183,0.147,20.591,0.384,9.565,34.852,0.696,0.06,0.295,0.157,1393,200,417,896,14.357501794687725,29.935391241923902
E01008742,Sunderland 035C,41.641,2,1.2,1,0.339,0.246,46.568,1.151,13.263,45.439,0.902,0.4,0.511,0.212,1562,233,509,960,14.916773367477592,32.58642765685019
E01008743,Sunderland 036A,63.554,1,1.856,1,0.595,0.398,61.452,1.163,21.842,7.704,-0.291,-0.831,0.761,0.477,1573,345,408,930,21.93261284170375,25.937698664971393
E01008744,Sunderland 036B,33.983,2,1.072,2,0.314,0.223,25.056,1.38,17.05,17.693,0.116,-0.28,0.396,0.298,2059,425,389,1340,20.641087906750847,18.892666342884894
E01008745,Sunderland 036C,15.687,6,0.505,3,0.145,0.125,12.39,-0.277,15.178,21.595,0.191,0.03,0.261,0.074,1640,245,634,875,14.939024390243901,38.65853658536585
E01008746,Sunderland 036D,44.457,2,1.618,1,0.439,0.287,36.006,1.172,17.366,8.677,-0.365,-0.331,0.581,0.451,2294,531,383,1491,23.147340889276375,16.695727986050567
E01008747,Sunderland 035D,18.9,5,0.409,4,0.223,0.168,13.559,-0.253,19.471,6.984,-0.58,-0.184,0.353,0.163,1730,281,540,1045,16.24277456647399,31.213872832369944
E01008748,Sunderland 035E,32.904,3,1.124,2,0.31,0.268,22.897,0.519,19.245,9.27,-0.431,-0.102,0.503,0.261,1480,156,604,856,10.54054054054054,40.81081081081081
E01008749,Sunderland 034E,10.809,8,0.239,4,0.091,0.108,11.055,-0.697,12.913,13.613,-0.058,-0.373,0.19,0.098,1302,122,610,684,9.37019969278034,46.85099846390169
E01008750,Sunderland 033A,18.917,5,0.915,2,0.194,0.128,9.221,0.643,14.577,6.045,-0.476,-0.563,0.275,0.186,2091,349,588,1310,16.690578670492588,28.120516499282637
E01008751,Sunderland 033B,21.458,5,0.656,3,0.247,0.152,25.869,0.391,12.779,3.714,-0.993,-0.324,0.29,0.282,1601,351,348,986,21.92379762648345,21.73641474078701
E01008752,Sunderland 033C,30.592,3,1.115,2,0.356,0.211,33.32,0.16,17.72,3.235,-0.828,-0.549,0.437,0.369,2227,566,336,1413,25.41535698248765,15.087561742254154
E01008753,Sunderland 033D,34.694,2,1.041,2,0.32,0.24,38.218,0.756,16.842,21.321,0.194,-0.012,0.478,0.251,1297,221,370,792,17.039321511179644,28.527370855821125
E01008754,Sunderland 034F,42.33,2,1.301,1,0.393,0.272,35.767,1.405,13.06,26.022,0.32,0.229,0.556,0.327,1404,221,454,833,15.74074074074074,32.33618233618233
E01008755,Sunderland 033E,46.758,1,1.48,1,0.442,0.282,47.728,1.145,12.455,31.86,0.609,0.026,0.704,0.331,1253,212,361,758,16.919393455706306,28.810853950518755
E01008756,Sunderland 012A,43.733,2,1.337,1,0.46,0.284,47.22,0.748,14.414,15.938,-0.065,-0.008,0.593,0.445,1554,316,416,960,20.334620334620336,26.76962676962677
E01008757,Sunderland 015A,43.442,2,1.364,1,0.337,0.252,39.247,1.053,6.474,62.072,1.211,0.722,0.577,0.25,1359,185,398,891,13.612950699043413,29.286239882266372
E01008758,Sunderland 015B,20.753,5,0.483,3,0.212,0.159,21.119,0.397,9.874,18.417,-0.012,0.165,0.337,0.129,1379,227,424,864,16.46120377084844,30.746918056562727
E01008759,Sunderland 015C,28.301,3,1.333,1,0.202,0.166,19.921,-0.319,5.488,58.55,1.182,0.518,0.312,0.136,1461,204,458,925,13.963039014373715,31.34839151266256
E01008760,Sunderland 018A,16.616,6,0.09,5,0.128,0.098,8.583,-0.028,6.869,58.089,1.241,0.171,0.229,0.078,1388,237,354,886,17.07492795389049,25.504322766570603
E01008761,Sunderland 015D,12.013,7,0.479,3,0.084,0.09,6.588,-0.657,7.772,36.592,0.784,-0.094,0.091,0.093,1355,164,576,750,12.103321033210332,42.50922509225092
E01008762,Sunderland 012B,59.723,1,2.069,1,0.562,0.353,66.116,0.778,14.109,15.248,-0.271,0.331,0.699,0.524,1696,341,498,970,20.1061320754717,29.36320754716981
E01008763,Sunderland 028A,36.932,2,1.266,1,0.382,0.25,43.969,0.41,16.038,11.104,-0.167,-0.466,0.495,0.295,1476,310,346,929,21.00271002710027,23.441734417344172
E01008764,Sunderland 028B,26.22,4,0.844,2,0.27,0.197,28.159,0.33,13.471,12.863,-0.241,0.001,0.405,0.244,1502,229,512,911,15.246338215712383,34.0878828229028
E01008765,Sunderland 031A,12.002,7,0.242,4,0.106,0.097,15.763,-0.208,19.515,4.956,-0.538,-0.661,0.137,0.11,1590,247,476,1012,15.534591194968552,29.937106918238992
E01008766,Sunderland 028C,15.969,6,0.512,3,0.189,0.12,15.731,-0.082,17.024,3.857,-0.712,-0.556,0.232,0.264,3140,666,553,2069,21.21019108280255,17.611464968152866
E01008767,Sunderland 031B,25.497,4,0.873,2,0.225,0.181,21.754,0.367,24.132,15.262,-0.116,0.029,0.297,0.243,1407,197,433,897,14.001421464108033,30.774697938877043
E01008768,Sunderland 028D,26.241,4,0.906,2,0.209,0.17,17.06,1.658,13.797,4.716,-0.719,-0.376,0.25,0.239,1985,393,477,1231,19.798488664987403,24.030226700251887
E01008769,Sunderland 028E,40.46,2,1.516,1,0.364,0.256,39.179,0.847,18.187,23.905,0.332,-0.062,0.494,0.358,1704,323,397,1084,18.955399061032864,23.2981220657277
E01008770,Sunderland 031C,16.762,6,0.642,3,0.178,0.136,11.301,0.221,14.997,4.479,-0.756,-0.378,0.331,0.106,1307,189,382,870,14.460596786534047,29.227237949502676
E01008771,Sunderland 031D,20.084,5,0.582,3,0.24,0.15,20.973,-0.348,18.915,9.067,-0.335,-0.343,0.325,0.232,1438,236,387,924,16.411682892906814,26.912378303198885
E01008772,Sunderland 029A,6.529,9,-0.23,6,0.062,0.061,2.905,0.025,10.688,17.258,-0.336,0.638,0.058,0.087,1389,175,563,788,12.59899208063355,40.532757379409645
E01008773,Sunderland 026A,56.408,1,1.736,1,0.529,0.334,61.796,1.09,17.604,17.803,0.042,-0.049,0.668,0.57,1283,254,248,871,19.79734996102884,19.32969602494154
E01008774,Sunderland 029B,16.028,6,0.58,3,0.148,0.135,16.744,-0.429,13.344,13.985,0.017,-0.614,0.249,0.115,1381,230,481,770,16.6545981173063,34.829833454018825
E01008775,Sunderland 029C,6.166,9,0.015,5,0.062,0.083,3.578,-2.349,14.629,5.954,-0.598,-0.319,0.093,0.044,1348,193,527,753,14.317507418397627,39.09495548961424
E01008776,Sunderland 026B,45.989,1,1.96,1,0.452,0.257,49.456,0.623,17.648,18.35,0.004,0.118,0.601,0.475,1190,257,239,763,21.596638655462186,20.084033613445378
E01008777,Sunderland 026C,59.431,1,2.147,1,0.52,0.43,58.732,0.729,11.861,7.228,-0.322,-0.835,0.626,0.543,1401,98,706,786,6.995003568879373,50.39257673090649
E01008778,Sunderland 026D,30.584,3,0.898,2,0.33,0.23,31.943,0.286,13.534,16.776,0.073,-0.284,0.492,0.206,1321,245,367,823,18.54655563966692,27.78198334595004
E01008779,Sunderland 024C,30.287,3,1.159,2,0.295,0.218,24.391,0.267,9.974,30.296,0.507,0.177,0.327,0.308,1333,215,425,801,16.129032258064516,31.882970742685675
E01008780,Sunderland 024D,34.751,2,1.639,1,0.35,0.253,22.725,0.444,14.494,5.703,-0.603,-0.358,0.429,0.32,1940,356,527,1184,18.350515463917525,27.164948453608247
E01008781,Sunderland 022B,12.306,7,-0.016,5,0.092,0.108,5.748,0.214,5.974,33.017,0.631,0.093,0.153,0.049,1420,181,562,838,12.746478873239436,39.57746478873239
E01008782,Sunderland 022C,4.462,10,-0.328,7,0.055,0.07,3.691,-1.15,8.301,8.657,-0.428,-0.197,0.054,0.053,1409,209,500,841,14.83321504613201,35.486160397445
E01008783,Sunderland 022D,5.905,9,-0.158,6,0.056,0.069,2.397,-0.643,8.227,17.881,0.073,-0.114,0.062,0.043,1368,192,537,795,14.035087719298245,39.25438596491228
E01008784,Sunderland 022E,4.844,10,-0.249,6,0.057,0.051,2.855,-0.8,7.271,19.051,0.178,-0.283,0.107,0.039,1535,249,491,912,16.221498371335503,31.98697068403909
E01008785,Sunderland 022F,6.739,9,-0.111,6,0.074,0.087,6.024,-1.092,8.377,10.868,-0.166,-0.521,0.149,0.053,1366,126,653,739,9.224011713030746,47.80380673499268
E01008786,Sunderland 006A,13.753,7,0.301,4,0.124,0.098,5.781,-0.291,8.297,40.44,0.855,0.044,0.167,0.119,1423,222,459,832,15.600843288826423,32.25579761068166
E01008787,Sunderland 006B,30.711,3,0.93,2,0.199,0.161,22.63,1.503,5.34,51.661,0.939,0.852,0.38,0.153,1456,170,411,989,11.675824175824175,28.228021978021978
E01008788,Sunderland 006C,28.28,3,1.023,2,0.221,0.166,22.31,-0.039,10.975,59.015,1.193,0.513,0.362,0.233,1373,160,498,850,11.653313911143481,36.270939548434086
E01008789,Sunderland 006D,14.141,6,0.369,4,0.118,0.107,10.266,0.561,10.096,16.902,-0.027,0.018,0.224,0.076,1324,158,471,825,11.933534743202417,35.57401812688822
E01008790,Sunderland 006E,22.784,4,0.55,3,0.177,0.147,13.22,0.576,8.551,49.74,1.066,0.133,0.21,0.211,1377,198,380,924,14.37908496732026,27.596223674655047
E01008791,Sunderland 006F,48.66,1,2.05,1,0.41,0.276,38.549,1.389,11.083,35.997,0.246,1.346,0.445,0.529,1710,193,576,1084,11.286549707602338,33.68421052631579
E01008792,Sunderland 002E,17.333,6,1.187,1,0.083,0.116,4.046,0.177,8.29,35.483,0.583,0.506,0.096,0.059,1258,133,579,683,10.572337042925279,46.02543720190779
E01008793,Sunderland 030A,59.969,1,1.79,1,0.556,0.354,57.234,1.443,17.726,22.066,0.142,0.221,0.747,0.475,1582,349,412,917,22.060682680151707,26.04298356510746
E01008795,Sunderland 030B,20.132,5,0.849,2,0.2,0.142,24.609,0.064,13.13,8.231,-0.391,-0.345,0.277,0.207,1701,293,430,1106,17.225161669606116,25.279247501469726
E01008796,Sunderland 032D,18.824,5,0.946,2,0.17,0.127,13.719,0.309,16.988,10.595,-0.148,-0.668,0.221,0.167,1979,378,512,1238,19.10055583628095,25.871652349671553
E01008799,Sunderland 025A,9.425,8,0.154,5,0.103,0.074,6.119,0.038,15.323,10.716,-0.632,0.329,0.142,0.115,1629,271,485,1065,16.63597298956415,29.772866789441377
E01008800,Sunderland 030D,52.627,1,1.697,1,0.524,0.318,59.045,0.879,19.313,4.753,-0.596,-0.56,0.581,0.559,1536,385,255,955,25.065104166666668,16.6015625
E01008801,Sunderland 030E,7.649,9,0.119,5,0.09,0.064,5.251,-0.4,13.635,12.168,-0.322,0.071,0.177,0.041,1540,237,493,956,15.38961038961039,32.01298701298702
E01008802,Sunderland 029D,19.315,5,0.841,2,0.188,0.13,23.593,0.235,12.252,7.886,-0.333,-0.588,0.26,0.169,1414,185,583,790,13.083451202263083,41.230551626591236
E01008803,Sunderland 027A,45.513,1,1.56,1,0.392,0.287,48.263,1.031,17.576,25.545,0.365,0.043,0.544,0.291,1528,287,433,915,18.782722513089006,28.337696335078533
E01008804,Sunderland 027B,33.666,2,1.075,2,0.351,0.256,32.276,0.35,18.206,8.587,-0.557,0.002,0.485,0.363,1568,261,507,939,16.64540816326531,32.33418367346938
E01008805,Sunderland 027C,44.086,2,1.104,2,0.4,0.261,47.364,0.802,18.042,50.783,1.065,0.255,0.563,0.281,1345,289,339,826,21.486988847583643,25.20446096654275
E01008808,Sunderland 029E,6.84,9,0.067,5,0.089,0.072,5.772,-0.902,13.413,6.597,-0.481,-0.43,0.134,0.069,1577,244,479,1010,15.472415979708307,30.37412809131262
E01008809,Sunderland 026E,30.199,3,1.236,1,0.281,0.182,33.249,0.666,16.93,17.304,0.04,-0.103,0.395,0.275,1540,229,548,897,14.870129870129869,35.58441558441559
E01008810,Sunderland 014A,48.55,1,1.4,1,0.479,0.322,52.36,1.004,11.831,15.128,-0.332,0.413,0.584,0.436,1628,388,321,997,23.832923832923832,19.717444717444717
E01008811,Sunderland 014B,22.285,4,0.821,2,0.244,0.17,16.421,0.103,10.414,19.97,-0.099,0.516,0.298,0.302,1555,237,444,985,15.241157556270096,28.553054662379424
E01008812,Sunderland 012C,49.415,1,1.658,1,0.5,0.313,48.766,0.817,15.485,15.174,-0.215,0.227,0.651,0.453,1710,387,302,1074,22.63157894736842,17.660818713450293
E01008813,Sunderland 014C,47.412,1,1.867,1,0.42,0.292,50.89,1.098,13.283,12.645,-0.285,0.06,0.556,0.392,1525,268,459,919,17.573770491803277,30.098360655737704
E01008814,Sunderland 014D,27.17,3,0.927,2,0.263,0.2,30.402,0.404,12.459,14.61,-0.211,0.153,0.335,0.282,1429,239,437,857,16.724982505248427,30.580825752274315
E01008817,Sunderland 004B,70.451,1,2.138,1,0.66,0.422,87.782,0.693,18.239,6.939,-0.935,0.095,0.707,0.663,1238,323,235,735,26.090468497576737,18.982229402261712
E01008819,Sunderland 004C,40.75,2,1.563,1,0.434,0.274,41.846,0.33,11.569,10.86,-0.382,0.017,0.618,0.369,1439,282,361,871,19.59694232105629,25.086865879082698
E01008821,Sunderland 004D,61.106,1,1.94,1,0.568,0.359,63.956,1.402,15.527,6.77,-0.466,-0.434,0.745,0.469,1485,366,336,829,24.646464646464647,22.626262626262626
E01008822,Sunderland 004E,47.395,1,1.778,1,0.427,0.301,48.701,1.089,15.379,10.318,-0.226,-0.422,0.541,0.427,1503,283,291,991,18.829008649367932,19.36127744510978
E01008823,Sunderland 023A,55.395,1,1.532,1,0.556,0.304,73.517,1.075,16.339,7.244,-0.354,-0.678,0.743,0.549,1454,312,349,870,21.458046767537827,24.002751031636862
E01008824,Sunderland 023B,62.444,1,1.796,1,0.556,0.368,68.624,1.427,20.414,8.609,-0.347,-0.393,0.64,0.527,1368,333,199,880,24.342105263157894,14.546783625730994
E01008825,Sunderland 023C,43.446,2,1.547,1,0.441,0.293,35.512,0.853,11.331,18.548,-0.254,0.64,0.456,0.572,1488,267,392,922,17.943548387096776,26.344086021505376
E01008826,Sunderland 023D,32.509,3,1.074,2,0.374,0.218,36.97,0.423,11.819,11.845,-0.215,-0.195,0.533,0.314,1364,244,343,888,17.888563049853374,25.146627565982406
E01008827,Sunderland 023E,55.017,1,1.755,1,0.53,0.328,55.113,1.294,15.141,13.635,-0.296,0.204,0.656,0.491,1176,239,245,766,20.32312925170068,20.833333333333336
E01008828,Sunderland 023F,54.819,1,1.551,1,0.579,0.313,61.849,0.749,18.933,16.402,0.031,-0.208,0.755,0.492,1501,401,216,931,26.71552298467688,14.390406395736177
E01008829,Sunderland 023G,63.07,1,2.221,1,0.585,0.397,52.342,1.333,17.772,9.854,-0.461,0.022,0.6,0.495,1277,259,261,822,20.28191072826938,20.43852779953015
E01008830,Sunderland 018B,38.133,2,1.111,2,0.396,0.197,22.965,1.265,12.061,51.842,0.969,0.754,0.52,0.22,1431,310,185,975,21.663172606568835,12.928022361984626
E01008831,Sunderland 013D,39.86,2,1.354,1,0.312,0.199,27.238,1.981,20.174,40.569,0.531,1.109,0.37,0.524,1932,281,302,1381,14.544513457556935,15.631469979296067
E01008832,Sunderland 018C,35.951,2,0.86,2,0.368,0.164,29.67,0.608,14.608,71.518,1.472,0.634,0.566,0.221,1522,378,285,942,24.83574244415243,18.725361366622863
E01008833,Sunderland 018D,30.517,3,0.653,3,0.282,0.182,22.301,0.321,9.558,65.876,1.317,0.654,0.546,0.147,1353,222,410,824,16.4079822616408,30.303030303030305
E01008834,Sunderland 013E,37.821,2,0.997,2,0.31,0.232,14.449,1.841,16.056,47.29,0.884,0.654,0.414,0.276,1522,186,240,1149,12.220762155059132,15.768725361366624
E01008835,Sunderland 022G,25.168,4,0.662,3,0.233,0.145,17.603,0.584,12.682,48.366,0.918,0.625,0.295,0.156,1529,268,308,1014,17.527795945062135,20.14388489208633
E01008836,Sunderland 016F,76.226,1,2.611,1,0.66,0.448,53.248,2.641,24.645,34.708,0.27,1.166,0.711,0.7,1330,188,309,942,14.135338345864662,23.233082706766915
E01008837,Sunderland 003B,54.439,1,2.067,1,0.476,0.302,61.237,1.31,20.413,8.546,-0.396,-0.284,0.573,0.455,1227,251,290,794,20.45639771801141,23.634881825590874
E01008838,Sunderland 003C,46.855,1,1.743,1,0.506,0.268,50.479,0.779,15.577,7.895,-0.48,-0.21,0.687,0.52,1431,311,294,928,21.733053808525508,20.545073375262053
E01008839,Sunderland 003D,71.485,1,2.157,1,0.606,0.42,73.737,1.805,21.02,9.398,-0.345,-0.261,0.762,0.521,1303,245,303,852,18.802762854950114,23.254029163468918
E01008840,Sunderland 003E,43.175,2,1.43,1,0.471,0.262,51.152,0.351,20.361,11.361,-0.2,-0.311,0.766,0.428,1382,284,283,893,20.549927641099856,20.47756874095514
E01008841,Sunderland 003F,55.757,1,1.76,1,0.525,0.33,56.864,1.286,22.037,7.301,-0.525,-0.222,0.648,0.586,1480,378,251,927,25.54054054054054,16.95945945945946
E01008842,Sunderland 004F,27.823,3,1.076,2,0.276,0.192,33.722,0.251,13.325,13.217,-0.076,-0.381,0.401,0.237,1364,213,427,858,15.6158357771261,31.3049853372434
E01008843,Sunderland 019A,11.439,7,0.479,3,0.102,0.1,11.149,-0.189,8.559,9.707,-0.232,-0.528,0.131,0.07,1208,161,403,734,13.327814569536422,33.360927152317885
E01008844,Sunderland 019B,22.051,4,0.655,3,0.218,0.162,21.826,0.567,10.665,15.284,-0.277,0.347,0.363,0.148,1434,210,597,759,14.644351464435147,41.63179916317992
E01008845,Sunderland 017A,13.575,7,0.616,3,0.103,0.106,9.47,-0.082,13.36,20.178,-0.124,0.582,0.089,0.075,1418,174,570,784,12.270803949224259,40.19746121297602
E01008846,Sunderland 017B,56.744,1,1.803,1,0.543,0.31,66.239,1.061,18.319,18.312,0.128,-0.224,0.669,0.419,1198,333,280,640,27.79632721202003,23.372287145242073
E01008847,Sunderland 017C,49.606,1,1.565,1,0.523,0.272,58.475,0.644,21.663,18.307,0.02,0.074,0.659,0.468,1339,332,258,786,24.794622852875282,19.268110530246453
E01008848,Sunderland 019C,22.076,4,0.914,2,0.229,0.142,17.539,0.618,15.591,11.008,-0.236,-0.275,0.217,0.238,1282,132,613,645,10.29641185647426,47.81591263650546
E01008849,Sunderland 019D,50.121,1,1.548,1,0.532,0.306,55.566,0.738,15.035,11.923,-0.058,-0.775,0.627,0.529,1394,375,236,854,26.901004304160686,16.929698708751793
E01008851,Sunderland 017E,30.881,3,1.355,1,0.311,0.213,32.273,0.106,12.229,15.045,-0.097,-0.048,0.352,0.351,1517,258,411,989,17.007251153592616,27.092946605141726
E01008852,Sunderland 019E,13.95,7,0.445,4,0.133,0.103,21.59,-0.785,9.623,18.746,0.141,-0.197,0.136,0.175,1140,176,390,676,15.43859649122807,34.21052631578947
E01008853,Sunderland 009A,56.447,1,1.996,1,0.5,0.338,57.63,1.437,12.223,13.122,-0.344,0.224,0.642,0.402,1403,293,372,838,20.883820384889525,26.514611546685675
E01008854,Sunderland 009B,57.776,1,1.806,1,0.458,0.369,54.114,1.833,18.526,15.272,0.02,-0.361,0.574,0.391,1278,215,321,832,16.823161189358373,25.11737089201878
E01008855,Sunderland 007A,21.528,5,0.767,3,0.252,0.169,17.083,-1.266,24.931,5.538,-0.522,-0.558,0.396,0.16,1359,209,255,965,15.378955114054452,18.76379690949227
E01008856,Sunderland 007B,14.489,6,0.569,3,0.131,0.145,15.591,-0.958,10.903,7.046,-0.413,-0.519,0.205,0.085,1248,136,553,682,10.897435897435898,44.31089743589743
E01008857,Sunderland 009C,36.112,2,1.347,1,0.352,0.241,48.542,0.144,14.896,13.301,-0.115,-0.242,0.42,0.326,1322,246,355,809,18.608169440242055,26.853252647503783
E01008858,Sunderland 009D,59.229,1,1.9,1,0.583,0.348,61.897,0.845,15.036,19.038,0.09,-0.009,0.768,0.457,1247,304,201,782,24.3785084202085,16.1186848436247
E01008859,Sunderland 009E,55.573,1,1.713,1,0.576,0.334,59.598,0.227,17.994,22.906,0.261,0.01,0.716,0.359,1350,412,201,783,30.518518518518515,14.888888888888888
E01008860,Sunderland 009F,46.31,1,1.543,1,0.429,0.276,51.566,1.394,11.522,15.745,-0.426,0.613,0.604,0.354,1310,244,342,822,18.62595419847328,26.106870229007633
E01008861,Sunderland 025B,26.311,4,0.808,2,0.229,0.182,33.773,0.599,18.316,12.235,-0.215,-0.139,0.366,0.13,1448,226,444,864,15.607734806629834,30.662983425414364
E01008862,Sunderland 025C,9.58,8,0.186,5,0.1,0.098,6.279,-0.761,19.923,1.361,-1.113,-0.809,0.174,0.062,1257,163,591,702,12.967382657120128,47.01670644391408
E01008863,Sunderland 025D,5.705,9,-0.135,6,0.069,0.063,4.222,-0.666,17.238,4.034,-1.481,-0.17,0.095,0.071,1549,208,608,920,13.42801807617818,39.25112976113622
E01008864,Sunderland 025E,9.315,8,0.2,5,0.072,0.095,6.369,-1.298,22.903,5.873,-0.93,-0.041,0.086,0.042,1174,153,577,586,13.032367972742758,49.148211243611584
E01008865,Sunderland 025F,33.848,2,1.308,1,0.335,0.198,46.671,-0.354,25.651,14.645,-0.158,0.05,0.445,0.365,1261,182,477,712,14.432989690721648,37.82712133227597
E01008866,Sunderland 025G,32.943,3,1.458,1,0.356,0.199,30.948,-0.008,25.134,7.829,-0.465,-0.252,0.474,0.341,1307,286,300,817,21.882172915072687,22.953328232593726
E01008867,Sunderland 020A,58.599,1,1.755,1,0.571,0.341,57.28,1.45,17.732,10.698,-0.264,-0.25,0.775,0.487,1551,338,219,1056,21.79239200515796,14.119922630560927
E01008868,Sunderland 020B,8.797,8,0.354,4,0.111,0.069,7.358,-0.554,16.319,3.449,-0.715,-0.658,0.19,0.121,1090,120,425,670,11.009174311926607,38.99082568807339
E01008869,Sunderland 020C,19.001,5,0.738,3,0.209,0.133,22.561,0.039,12.074,8.462,-0.386,-0.318,0.353,0.186,1181,181,431,681,15.325994919559696,36.494496189669775
E01008870,Sunderland 020D,6.987,9,0.16,5,0.078,0.082,5.545,-1.157,13.483,3.306,-1.003,-0.393,0.096,0.106,1314,175,436,836,13.318112633181126,33.181126331811264
E01008871,Sunderland 020E,33.579,2,1.226,1,0.346,0.237,41.882,0.327,13.423,5.697,-0.5,-0.578,0.384,0.394,1325,262,342,823,19.77358490566038,25.81132075471698
E01008872,Sunderland 020F,10.575,8,0.23,4,0.131,0.09,9.812,-0.416,15.518,4.692,-1.099,-0.132,0.117,0.19,1737,241,579,1073,13.874496257915947,33.33333333333333
E01008873,Sunderland 010A,14.233,6,0.663,3,0.15,0.109,12.567,-0.456,13.527,11.112,-0.296,-0.111,0.357,0.075,1170,163,422,667,13.931623931623932,36.06837606837607
E01008874,Sunderland 010B,42.88,2,1.25,1,0.459,0.257,59.143,0.804,11.859,8.557,-0.455,-0.162,0.662,0.417,1739,385,392,1018,22.13916043703278,22.54169062679701
E01008875,Sunderland 010C,22.447,4,0.954,2,0.251,0.153,24.245,-0.276,13.23,15.152,-0.476,0.616,0.287,0.354,1410,225,331,947,15.957446808510639,23.47517730496454
E01008876,Sunderland 007C,9.311,8,0.235,4,0.101,0.102,7.786,-0.487,10.845,1.306,-1.222,-0.77,0.135,0.1,1680,273,577,921,16.25,34.345238095238095
E01008877,Sunderland 007D,11.658,7,0.241,4,0.101,0.09,10.269,-0.17,12.819,23.823,0.212,0.241,0.095,0.11,1618,256,479,993,15.822002472187885,29.604449938195305
E01008878,Sunderland 009G,25.76,4,0.84,2,0.265,0.169,35.778,0.409,12.045,13.272,-0.136,-0.189,0.399,0.265,1487,259,410,895,17.41761936785474,27.57229320780094
E01008879,Sunderland 010D,24.102,4,0.994,2,0.26,0.168,25.566,-0.122,10.06,18.849,-0.089,0.38,0.475,0.219,1281,172,445,810,13.427010148321624,34.73848555815769
E01008880,Sunderland 010E,25.514,4,1.063,2,0.259,0.191,29.718,-0.169,10.59,11.062,-0.417,0.099,0.351,0.21,1095,160,395,635,14.61187214611872,36.07305936073059
E01032483,Sunderland 032F,30.905,3,0.783,2,0.251,0.19,38.366,0.743,24.068,28.01,0.423,0.157,0.35,0.196,1617,260,474,1045,16.079158936301795,29.313543599257883
E01032484,Sunderland 032G,29.556,3,1.174,1,0.243,0.162,31.252,0.531,18.847,36.6,0.651,0.418,0.391,0.23,1232,147,401,806,11.931818181818182,32.548701298701296
E01033076,Sunderland 012F,40.931,2,1.242,1,0.443,0.25,54.246,0.873,11.768,6.172,-0.932,0.001,0.561,0.527,2518,624,396,1592,24.781572676727563,15.726767275615568
E01033077,Sunderland 027F,18.739,5,0.685,3,0.222,0.141,20.313,-0.222,15.793,3.874,-1.01,-0.291,0.178,0.376,2348,450,646,1416,19.165247018739354,27.512776831345825
E01034514,Sunderland 005H,65.457,1,2.486,1,0.544,0.406,63.012,0.87,13.199,40.424,0.684,0.69,0.673,0.43,3303,579,991,2009,17.529518619436875,30.003027550711476
E01034515,Sunderland 017F,10.163,8,0.114,5,0.137,0.097,10.758,-1.701,17.214,3.277,-1.0,-0.399,0.218,0.087,1516,316,364,947,20.844327176781004,24.010554089709764
E01034516,Sunderland 017G,5.319,10,0.128,5,0.051,0.041,4.233,-1.187,19.853,3.741,-1.273,-0.234,0.06,0.073,1684,457,136,1121,27.137767220902614,8.076009501187649
E01034517,Sunderland 021G,53.82,1,1.403,1,0.521,0.329,65.615,1.114,14.393,12.575,-0.406,0.256,0.615,0.412,2310,534,506,1403,23.116883116883116,21.904761904761905
E01034518,Sunderland 030F,9.924,8,0.173,5,0.115,0.1,9.105,-0.906,16.397,3.688,-0.653,-0.723,0.178,0.08,1748,254,588,996,14.530892448512587,33.63844393592677
E01034519,Sunderland 030G,6.905,9,0.295,4,0.08,0.052,2.44,-0.489,19.673,1.273,-1.224,-0.781,0.152,0.062,1660,377,180,1127,22.710843373493976,10.843373493975903
